[2025-09-25 20:07:49,601] INFO Registered kafka:type=kafka.Log4jController MBean (kafka.utils.Log4jControllerRegistration$)
[2025-09-25 20:07:49,835] INFO Setting -D jdk.tls.rejectClientInitiatedRenegotiation=true to disable client-initiated TLS renegotiation (org.apache.zookeeper.common.X509Util)
[2025-09-25 20:07:50,053] INFO Registered signal handlers for TERM, INT, HUP (org.apache.kafka.common.utils.LoggingSignalHandler)
[2025-09-25 20:07:50,057] INFO [ControllerServer id=1] Starting controller (kafka.server.ControllerServer)
[2025-09-25 20:07:50,089] INFO authorizerStart completed for endpoint CONTROLLER. Endpoint is now READY. (org.apache.kafka.server.network.EndpointReadyFutures)
[2025-09-25 20:07:50,482] INFO Updated connection-accept-rate max connection creation rate to 2147483647 (kafka.network.ConnectionQuotas)
[2025-09-25 20:07:50,592] INFO [SocketServer listenerType=CONTROLLER, nodeId=1] Created data-plane acceptor and processors for endpoint : ListenerName(CONTROLLER) (kafka.network.SocketServer)
[2025-09-25 20:07:50,598] INFO [SharedServer id=1] Starting SharedServer (kafka.server.SharedServer)
[2025-09-25 20:07:50,686] INFO [LogLoader partition=__cluster_metadata-0, dir=/tmp/kraft-combined-logs] Recovering unflushed segment 0. 0/1 recovered for __cluster_metadata-0. (kafka.log.LogLoader)
[2025-09-25 20:07:50,688] INFO [LogLoader partition=__cluster_metadata-0, dir=/tmp/kraft-combined-logs] Loading producer state till offset 0 with message format version 2 (kafka.log.UnifiedLog$)
[2025-09-25 20:07:50,689] INFO [LogLoader partition=__cluster_metadata-0, dir=/tmp/kraft-combined-logs] Reloading from producer snapshot and rebuilding producer state from offset 0 (kafka.log.UnifiedLog$)
[2025-09-25 20:07:50,689] INFO Deleted producer state snapshot /tmp/kraft-combined-logs/__cluster_metadata-0/00000000000000056860.snapshot (org.apache.kafka.storage.internals.log.SnapshotFile)
[2025-09-25 20:07:50,690] INFO Deleted producer state snapshot /tmp/kraft-combined-logs/__cluster_metadata-0/00000000000000058153.snapshot (org.apache.kafka.storage.internals.log.SnapshotFile)
[2025-09-25 20:07:50,690] INFO [LogLoader partition=__cluster_metadata-0, dir=/tmp/kraft-combined-logs] Producer state recovery took 1ms for snapshot load and 0ms for segment recovery from offset 0 (kafka.log.UnifiedLog$)
[2025-09-25 20:07:50,992] INFO [ProducerStateManager partition=__cluster_metadata-0]Wrote producer snapshot at offset 58153 with 0 producer ids in 6 ms. (org.apache.kafka.storage.internals.log.ProducerStateManager)
[2025-09-25 20:07:51,019] INFO [LogLoader partition=__cluster_metadata-0, dir=/tmp/kraft-combined-logs] Loading producer state till offset 58153 with message format version 2 (kafka.log.UnifiedLog$)
[2025-09-25 20:07:51,020] INFO [LogLoader partition=__cluster_metadata-0, dir=/tmp/kraft-combined-logs] Reloading from producer snapshot and rebuilding producer state from offset 58153 (kafka.log.UnifiedLog$)
[2025-09-25 20:07:51,020] INFO [ProducerStateManager partition=__cluster_metadata-0]Loading producer state from snapshot file 'SnapshotFile(offset=58153, file=/tmp/kraft-combined-logs/__cluster_metadata-0/00000000000000058153.snapshot)' (org.apache.kafka.storage.internals.log.ProducerStateManager)
[2025-09-25 20:07:51,024] INFO [LogLoader partition=__cluster_metadata-0, dir=/tmp/kraft-combined-logs] Producer state recovery took 4ms for snapshot load and 0ms for segment recovery from offset 58153 (kafka.log.UnifiedLog$)
[2025-09-25 20:07:51,060] INFO Initialized snapshots with IDs SortedSet(OffsetAndEpoch(offset=7203, epoch=1), OffsetAndEpoch(offset=14344, epoch=1), OffsetAndEpoch(offset=21477, epoch=1), OffsetAndEpoch(offset=28622, epoch=1), OffsetAndEpoch(offset=41260, epoch=4), OffsetAndEpoch(offset=48404, epoch=4), OffsetAndEpoch(offset=55543, epoch=4)) from /tmp/kraft-combined-logs/__cluster_metadata-0 (kafka.raft.KafkaMetadataLog$)
[2025-09-25 20:07:51,072] INFO [raft-expiration-reaper]: Starting (kafka.raft.TimingWheelExpirationService$ExpiredOperationReaper)
[2025-09-25 20:07:51,199] INFO [RaftManager id=1] Completed transition to ResignedState(localId=1, epoch=7, voters=[1], electionTimeoutMs=1398, unackedVoters=[], preferredSuccessors=[]) from null (org.apache.kafka.raft.QuorumState)
[2025-09-25 20:07:51,208] INFO [RaftManager id=1] Completed transition to CandidateState(localId=1, epoch=8, retries=1, voteStates={1=GRANTED}, highWatermark=Optional.empty, electionTimeoutMs=1722) from ResignedState(localId=1, epoch=7, voters=[1], electionTimeoutMs=1398, unackedVoters=[], preferredSuccessors=[]) (org.apache.kafka.raft.QuorumState)
[2025-09-25 20:07:51,216] INFO [RaftManager id=1] Completed transition to Leader(localId=1, epoch=8, epochStartOffset=58153, highWatermark=Optional.empty, voterStates={1=ReplicaState(nodeId=1, endOffset=Optional.empty, lastFetchTimestamp=-1, lastCaughtUpTimestamp=-1, hasAcknowledgedLeader=true)}) from CandidateState(localId=1, epoch=8, retries=1, voteStates={1=GRANTED}, highWatermark=Optional.empty, electionTimeoutMs=1722) (org.apache.kafka.raft.QuorumState)
[2025-09-25 20:07:51,234] INFO [kafka-1-raft-outbound-request-thread]: Starting (kafka.raft.RaftSendThread)
[2025-09-25 20:07:51,234] INFO [kafka-1-raft-io-thread]: Starting (kafka.raft.KafkaRaftManager$RaftIoThread)
[2025-09-25 20:07:51,259] INFO [MetadataLoader id=1] initializeNewPublishers: the loader is still catching up because we still don't know the high water mark yet. (org.apache.kafka.image.loader.MetadataLoader)
[2025-09-25 20:07:51,259] INFO [ControllerServer id=1] Waiting for controller quorum voters future (kafka.server.ControllerServer)
[2025-09-25 20:07:51,259] INFO [ControllerServer id=1] Finished waiting for controller quorum voters future (kafka.server.ControllerServer)
[2025-09-25 20:07:51,261] INFO [RaftManager id=1] High watermark set to LogOffsetMetadata(offset=58154, metadata=Optional[(segmentBaseOffset=0,relativePositionInSegment=4173764)]) for the first time for epoch 8 based on indexOfHw 0 and voters [ReplicaState(nodeId=1, endOffset=Optional[LogOffsetMetadata(offset=58154, metadata=Optional[(segmentBaseOffset=0,relativePositionInSegment=4173764)])], lastFetchTimestamp=-1, lastCaughtUpTimestamp=-1, hasAcknowledgedLeader=true)] (org.apache.kafka.raft.LeaderState)
[2025-09-25 20:07:51,295] INFO [RaftManager id=1] Registered the listener org.apache.kafka.image.loader.MetadataLoader@1160438336 (org.apache.kafka.raft.KafkaRaftClient)
[2025-09-25 20:07:51,302] INFO [controller-1-ThrottledChannelReaper-Fetch]: Starting (kafka.server.ClientQuotaManager$ThrottledChannelReaper)
[2025-09-25 20:07:51,303] INFO [controller-1-ThrottledChannelReaper-Produce]: Starting (kafka.server.ClientQuotaManager$ThrottledChannelReaper)
[2025-09-25 20:07:51,304] INFO [MetadataLoader id=1] handleLoadSnapshot(00000000000000055543-0000000004): incrementing HandleLoadSnapshotCount to 1. (org.apache.kafka.image.loader.MetadataLoader)
[2025-09-25 20:07:51,304] INFO [controller-1-ThrottledChannelReaper-Request]: Starting (kafka.server.ClientQuotaManager$ThrottledChannelReaper)
[2025-09-25 20:07:51,306] INFO [controller-1-ThrottledChannelReaper-ControllerMutation]: Starting (kafka.server.ClientQuotaManager$ThrottledChannelReaper)
[2025-09-25 20:07:51,308] INFO [RaftManager id=1] Registered the listener org.apache.kafka.controller.QuorumController$QuorumMetaLogListener@1617471349 (org.apache.kafka.raft.KafkaRaftClient)
[2025-09-25 20:07:51,344] INFO [MetadataLoader id=1] handleLoadSnapshot(00000000000000055543-0000000004): generated a metadata delta between offset -1 and this snapshot in 39248 us. (org.apache.kafka.image.loader.MetadataLoader)
[2025-09-25 20:07:51,347] INFO [MetadataLoader id=1] maybePublishMetadata(SNAPSHOT): The loader is still catching up because we have loaded up to offset 55542, but the high water mark is 58154 (org.apache.kafka.image.loader.MetadataLoader)
[2025-09-25 20:07:51,353] INFO [ExpirationReaper-1-AlterAcls]: Starting (kafka.server.DelayedOperationPurgatory$ExpiredOperationReaper)
[2025-09-25 20:07:51,370] INFO [ControllerServer id=1] Waiting for the controller metadata publishers to be installed (kafka.server.ControllerServer)
[2025-09-25 20:07:51,494] INFO [MetadataLoader id=1] maybePublishMetadata(LOG_DELTA): The loader finished catching up to the current high water mark of 58154 (org.apache.kafka.image.loader.MetadataLoader)
[2025-09-25 20:07:51,500] INFO [MetadataLoader id=1] InitializeNewPublishers: initializing SnapshotGenerator with a snapshot at offset 58153 (org.apache.kafka.image.loader.MetadataLoader)
[2025-09-25 20:07:51,500] INFO [ControllerServer id=1] Finished waiting for the controller metadata publishers to be installed (kafka.server.ControllerServer)
[2025-09-25 20:07:51,502] INFO [MetadataLoader id=1] InitializeNewPublishers: initializing FeaturesPublisher with a snapshot at offset 58153 (org.apache.kafka.image.loader.MetadataLoader)
[2025-09-25 20:07:51,502] INFO [SocketServer listenerType=CONTROLLER, nodeId=1] Enabling request processing. (kafka.network.SocketServer)
[2025-09-25 20:07:51,502] INFO [MetadataLoader id=1] InitializeNewPublishers: initializing DynamicConfigPublisher controller id=1 with a snapshot at offset 58153 (org.apache.kafka.image.loader.MetadataLoader)
[2025-09-25 20:07:51,505] INFO [MetadataLoader id=1] InitializeNewPublishers: initializing DynamicClientQuotaPublisher controller id=1 with a snapshot at offset 58153 (org.apache.kafka.image.loader.MetadataLoader)
[2025-09-25 20:07:51,506] INFO [MetadataLoader id=1] InitializeNewPublishers: initializing ScramPublisher controller id=1 with a snapshot at offset 58153 (org.apache.kafka.image.loader.MetadataLoader)
[2025-09-25 20:07:51,507] INFO [MetadataLoader id=1] InitializeNewPublishers: initializing DelegationTokenPublisher controller id=1 with a snapshot at offset 58153 (org.apache.kafka.image.loader.MetadataLoader)
[2025-09-25 20:07:51,508] INFO [MetadataLoader id=1] InitializeNewPublishers: initializing ControllerMetadataMetricsPublisher with a snapshot at offset 58153 (org.apache.kafka.image.loader.MetadataLoader)
[2025-09-25 20:07:51,508] INFO [MetadataLoader id=1] InitializeNewPublishers: initializing AclPublisher controller id=1 with a snapshot at offset 58153 (org.apache.kafka.image.loader.MetadataLoader)
[2025-09-25 20:07:51,509] INFO Awaiting socket connections on 0.0.0.0:9093. (kafka.network.DataPlaneAcceptor)
[2025-09-25 20:07:51,511] INFO [ControllerServer id=1] Waiting for all of the authorizer futures to be completed (kafka.server.ControllerServer)
[2025-09-25 20:07:51,512] INFO [ControllerServer id=1] Finished waiting for all of the authorizer futures to be completed (kafka.server.ControllerServer)
[2025-09-25 20:07:51,512] INFO [ControllerServer id=1] Waiting for all of the SocketServer Acceptors to be started (kafka.server.ControllerServer)
[2025-09-25 20:07:51,512] INFO [ControllerServer id=1] Finished waiting for all of the SocketServer Acceptors to be started (kafka.server.ControllerServer)
[2025-09-25 20:07:51,513] INFO [BrokerServer id=1] Transition from SHUTDOWN to STARTING (kafka.server.BrokerServer)
[2025-09-25 20:07:51,514] INFO [BrokerServer id=1] Starting broker (kafka.server.BrokerServer)
[2025-09-25 20:07:51,529] INFO [broker-1-ThrottledChannelReaper-Fetch]: Starting (kafka.server.ClientQuotaManager$ThrottledChannelReaper)
[2025-09-25 20:07:51,529] INFO [broker-1-ThrottledChannelReaper-Produce]: Starting (kafka.server.ClientQuotaManager$ThrottledChannelReaper)
[2025-09-25 20:07:51,529] INFO [broker-1-ThrottledChannelReaper-Request]: Starting (kafka.server.ClientQuotaManager$ThrottledChannelReaper)
[2025-09-25 20:07:51,529] INFO [broker-1-ThrottledChannelReaper-ControllerMutation]: Starting (kafka.server.ClientQuotaManager$ThrottledChannelReaper)
[2025-09-25 20:07:51,547] INFO [BrokerServer id=1] Waiting for controller quorum voters future (kafka.server.BrokerServer)
[2025-09-25 20:07:51,547] INFO [BrokerServer id=1] Finished waiting for controller quorum voters future (kafka.server.BrokerServer)
[2025-09-25 20:07:51,561] INFO [broker-1-to-controller-forwarding-channel-manager]: Starting (kafka.server.BrokerToControllerRequestThread)
[2025-09-25 20:07:51,563] INFO [broker-1-to-controller-forwarding-channel-manager]: Recorded new controller, from now on will use node localhost:9093 (id: 1 rack: null) (kafka.server.BrokerToControllerRequestThread)
[2025-09-25 20:07:51,616] INFO Updated connection-accept-rate max connection creation rate to 2147483647 (kafka.network.ConnectionQuotas)
[2025-09-25 20:07:51,627] INFO [SocketServer listenerType=BROKER, nodeId=1] Created data-plane acceptor and processors for endpoint : ListenerName(PLAINTEXT) (kafka.network.SocketServer)
[2025-09-25 20:07:51,630] INFO [broker-1-to-controller-alter-partition-channel-manager]: Starting (kafka.server.BrokerToControllerRequestThread)
[2025-09-25 20:07:51,630] INFO [broker-1-to-controller-alter-partition-channel-manager]: Recorded new controller, from now on will use node localhost:9093 (id: 1 rack: null) (kafka.server.BrokerToControllerRequestThread)
[2025-09-25 20:07:51,653] INFO [ExpirationReaper-1-Produce]: Starting (kafka.server.DelayedOperationPurgatory$ExpiredOperationReaper)
[2025-09-25 20:07:51,654] INFO [ExpirationReaper-1-Fetch]: Starting (kafka.server.DelayedOperationPurgatory$ExpiredOperationReaper)
[2025-09-25 20:07:51,654] INFO [ExpirationReaper-1-DeleteRecords]: Starting (kafka.server.DelayedOperationPurgatory$ExpiredOperationReaper)
[2025-09-25 20:07:51,655] INFO [ExpirationReaper-1-ElectLeader]: Starting (kafka.server.DelayedOperationPurgatory$ExpiredOperationReaper)
[2025-09-25 20:07:51,655] INFO [ExpirationReaper-1-RemoteFetch]: Starting (kafka.server.DelayedOperationPurgatory$ExpiredOperationReaper)
[2025-09-25 20:07:51,669] INFO [ExpirationReaper-1-Heartbeat]: Starting (kafka.server.DelayedOperationPurgatory$ExpiredOperationReaper)
[2025-09-25 20:07:51,670] INFO [ExpirationReaper-1-Rebalance]: Starting (kafka.server.DelayedOperationPurgatory$ExpiredOperationReaper)
[2025-09-25 20:07:51,695] INFO [broker-1-to-controller-heartbeat-channel-manager]: Starting (kafka.server.BrokerToControllerRequestThread)
[2025-09-25 20:07:51,697] INFO [broker-1-to-controller-heartbeat-channel-manager]: Recorded new controller, from now on will use node localhost:9093 (id: 1 rack: null) (kafka.server.BrokerToControllerRequestThread)
[2025-09-25 20:07:51,697] INFO [BrokerLifecycleManager id=1] Incarnation w0-AeE_RQ2K5059lpm3V8Q of broker 1 in cluster csWA70KhQFOptmjJ097D5w is now STARTING. (kafka.server.BrokerLifecycleManager)
[2025-09-25 20:07:51,724] INFO [ExpirationReaper-1-AlterAcls]: Starting (kafka.server.DelayedOperationPurgatory$ExpiredOperationReaper)
[2025-09-25 20:07:51,758] INFO [BrokerServer id=1] Waiting for the broker metadata publishers to be installed (kafka.server.BrokerServer)
[2025-09-25 20:07:51,759] INFO [BrokerServer id=1] Finished waiting for the broker metadata publishers to be installed (kafka.server.BrokerServer)
[2025-09-25 20:07:51,759] INFO [BrokerServer id=1] Waiting for the controller to acknowledge that we are caught up (kafka.server.BrokerServer)
[2025-09-25 20:07:51,760] INFO [MetadataLoader id=1] InitializeNewPublishers: initializing BrokerMetadataPublisher with a snapshot at offset 58153 (org.apache.kafka.image.loader.MetadataLoader)
[2025-09-25 20:07:51,762] INFO [BrokerMetadataPublisher id=1] Publishing initial metadata at offset OffsetAndEpoch(offset=58153, epoch=8) with metadata.version 3.6-IV2. (kafka.server.metadata.BrokerMetadataPublisher)
[2025-09-25 20:07:51,769] INFO Loading logs from log dirs ArraySeq(/tmp/kraft-combined-logs) (kafka.log.LogManager)
[2025-09-25 20:07:51,782] INFO Skipping recovery of 54 logs from /tmp/kraft-combined-logs since clean shutdown file was found (kafka.log.LogManager)
[2025-09-25 20:07:51,811] INFO [LogLoader partition=__consumer_offsets-9, dir=/tmp/kraft-combined-logs] Loading producer state till offset 0 with message format version 2 (kafka.log.UnifiedLog$)
[2025-09-25 20:07:51,831] INFO Completed load of Log(dir=/tmp/kraft-combined-logs/__consumer_offsets-9, topicId=xI2Xfr7ZTQKPZBYA-hnYEg, topic=__consumer_offsets, partition=9, highWatermark=0, lastStableOffset=0, logStartOffset=0, logEndOffset=0) with 1 segments, local-log-start-offset 0 and log-end-offset 0 in 36ms (1/54 completed in /tmp/kraft-combined-logs) (kafka.log.LogManager)
[2025-09-25 20:07:51,847] INFO [LogLoader partition=__consumer_offsets-0, dir=/tmp/kraft-combined-logs] Loading producer state till offset 0 with message format version 2 (kafka.log.UnifiedLog$)
[2025-09-25 20:07:51,850] INFO Completed load of Log(dir=/tmp/kraft-combined-logs/__consumer_offsets-0, topicId=xI2Xfr7ZTQKPZBYA-hnYEg, topic=__consumer_offsets, partition=0, highWatermark=0, lastStableOffset=0, logStartOffset=0, logEndOffset=0) with 1 segments, local-log-start-offset 0 and log-end-offset 0 in 18ms (2/54 completed in /tmp/kraft-combined-logs) (kafka.log.LogManager)
[2025-09-25 20:07:51,859] INFO [LogLoader partition=__consumer_offsets-7, dir=/tmp/kraft-combined-logs] Loading producer state till offset 0 with message format version 2 (kafka.log.UnifiedLog$)
[2025-09-25 20:07:51,860] INFO Completed load of Log(dir=/tmp/kraft-combined-logs/__consumer_offsets-7, topicId=xI2Xfr7ZTQKPZBYA-hnYEg, topic=__consumer_offsets, partition=7, highWatermark=0, lastStableOffset=0, logStartOffset=0, logEndOffset=0) with 1 segments, local-log-start-offset 0 and log-end-offset 0 in 9ms (3/54 completed in /tmp/kraft-combined-logs) (kafka.log.LogManager)
[2025-09-25 20:07:51,866] INFO [LogLoader partition=__consumer_offsets-31, dir=/tmp/kraft-combined-logs] Loading producer state till offset 0 with message format version 2 (kafka.log.UnifiedLog$)
[2025-09-25 20:07:51,870] INFO Completed load of Log(dir=/tmp/kraft-combined-logs/__consumer_offsets-31, topicId=xI2Xfr7ZTQKPZBYA-hnYEg, topic=__consumer_offsets, partition=31, highWatermark=0, lastStableOffset=0, logStartOffset=0, logEndOffset=0) with 1 segments, local-log-start-offset 0 and log-end-offset 0 in 11ms (4/54 completed in /tmp/kraft-combined-logs) (kafka.log.LogManager)
[2025-09-25 20:07:51,878] INFO [LogLoader partition=__consumer_offsets-36, dir=/tmp/kraft-combined-logs] Loading producer state till offset 0 with message format version 2 (kafka.log.UnifiedLog$)
[2025-09-25 20:07:51,884] INFO Completed load of Log(dir=/tmp/kraft-combined-logs/__consumer_offsets-36, topicId=xI2Xfr7ZTQKPZBYA-hnYEg, topic=__consumer_offsets, partition=36, highWatermark=0, lastStableOffset=0, logStartOffset=0, logEndOffset=0) with 1 segments, local-log-start-offset 0 and log-end-offset 0 in 13ms (5/54 completed in /tmp/kraft-combined-logs) (kafka.log.LogManager)
[2025-09-25 20:07:51,892] INFO [LogLoader partition=__consumer_offsets-38, dir=/tmp/kraft-combined-logs] Loading producer state till offset 0 with message format version 2 (kafka.log.UnifiedLog$)
[2025-09-25 20:07:51,893] INFO [BrokerLifecycleManager id=1] Successfully registered broker 1 with broker epoch 58154 (kafka.server.BrokerLifecycleManager)
[2025-09-25 20:07:51,894] INFO Completed load of Log(dir=/tmp/kraft-combined-logs/__consumer_offsets-38, topicId=xI2Xfr7ZTQKPZBYA-hnYEg, topic=__consumer_offsets, partition=38, highWatermark=0, lastStableOffset=0, logStartOffset=0, logEndOffset=0) with 1 segments, local-log-start-offset 0 and log-end-offset 0 in 10ms (6/54 completed in /tmp/kraft-combined-logs) (kafka.log.LogManager)
[2025-09-25 20:07:51,906] INFO [LogLoader partition=__consumer_offsets-6, dir=/tmp/kraft-combined-logs] Loading producer state till offset 3 with message format version 2 (kafka.log.UnifiedLog$)
[2025-09-25 20:07:51,906] INFO [LogLoader partition=__consumer_offsets-6, dir=/tmp/kraft-combined-logs] Reloading from producer snapshot and rebuilding producer state from offset 3 (kafka.log.UnifiedLog$)
[2025-09-25 20:07:51,907] INFO [ProducerStateManager partition=__consumer_offsets-6]Loading producer state from snapshot file 'SnapshotFile(offset=3, file=/tmp/kraft-combined-logs/__consumer_offsets-6/00000000000000000003.snapshot)' (org.apache.kafka.storage.internals.log.ProducerStateManager)
[2025-09-25 20:07:51,907] INFO [LogLoader partition=__consumer_offsets-6, dir=/tmp/kraft-combined-logs] Producer state recovery took 0ms for snapshot load and 0ms for segment recovery from offset 3 (kafka.log.UnifiedLog$)
[2025-09-25 20:07:51,909] INFO Completed load of Log(dir=/tmp/kraft-combined-logs/__consumer_offsets-6, topicId=xI2Xfr7ZTQKPZBYA-hnYEg, topic=__consumer_offsets, partition=6, highWatermark=0, lastStableOffset=0, logStartOffset=0, logEndOffset=3) with 1 segments, local-log-start-offset 0 and log-end-offset 3 in 13ms (7/54 completed in /tmp/kraft-combined-logs) (kafka.log.LogManager)
[2025-09-25 20:07:51,916] INFO [LogLoader partition=__consumer_offsets-1, dir=/tmp/kraft-combined-logs] Loading producer state till offset 0 with message format version 2 (kafka.log.UnifiedLog$)
[2025-09-25 20:07:51,918] INFO Completed load of Log(dir=/tmp/kraft-combined-logs/__consumer_offsets-1, topicId=xI2Xfr7ZTQKPZBYA-hnYEg, topic=__consumer_offsets, partition=1, highWatermark=0, lastStableOffset=0, logStartOffset=0, logEndOffset=0) with 1 segments, local-log-start-offset 0 and log-end-offset 0 in 8ms (8/54 completed in /tmp/kraft-combined-logs) (kafka.log.LogManager)
[2025-09-25 20:07:51,928] INFO [LogLoader partition=__consumer_offsets-8, dir=/tmp/kraft-combined-logs] Loading producer state till offset 0 with message format version 2 (kafka.log.UnifiedLog$)
[2025-09-25 20:07:51,929] INFO Completed load of Log(dir=/tmp/kraft-combined-logs/__consumer_offsets-8, topicId=xI2Xfr7ZTQKPZBYA-hnYEg, topic=__consumer_offsets, partition=8, highWatermark=0, lastStableOffset=0, logStartOffset=0, logEndOffset=0) with 1 segments, local-log-start-offset 0 and log-end-offset 0 in 11ms (9/54 completed in /tmp/kraft-combined-logs) (kafka.log.LogManager)
[2025-09-25 20:07:51,938] INFO [LogLoader partition=__consumer_offsets-39, dir=/tmp/kraft-combined-logs] Loading producer state till offset 0 with message format version 2 (kafka.log.UnifiedLog$)
[2025-09-25 20:07:51,939] INFO Completed load of Log(dir=/tmp/kraft-combined-logs/__consumer_offsets-39, topicId=xI2Xfr7ZTQKPZBYA-hnYEg, topic=__consumer_offsets, partition=39, highWatermark=0, lastStableOffset=0, logStartOffset=0, logEndOffset=0) with 1 segments, local-log-start-offset 0 and log-end-offset 0 in 10ms (10/54 completed in /tmp/kraft-combined-logs) (kafka.log.LogManager)
[2025-09-25 20:07:51,946] INFO [LogLoader partition=__consumer_offsets-37, dir=/tmp/kraft-combined-logs] Loading producer state till offset 0 with message format version 2 (kafka.log.UnifiedLog$)
[2025-09-25 20:07:51,947] INFO Completed load of Log(dir=/tmp/kraft-combined-logs/__consumer_offsets-37, topicId=xI2Xfr7ZTQKPZBYA-hnYEg, topic=__consumer_offsets, partition=37, highWatermark=0, lastStableOffset=0, logStartOffset=0, logEndOffset=0) with 1 segments, local-log-start-offset 0 and log-end-offset 0 in 7ms (11/54 completed in /tmp/kraft-combined-logs) (kafka.log.LogManager)
[2025-09-25 20:07:51,955] INFO [LogLoader partition=__consumer_offsets-30, dir=/tmp/kraft-combined-logs] Loading producer state till offset 0 with message format version 2 (kafka.log.UnifiedLog$)
[2025-09-25 20:07:51,956] INFO Completed load of Log(dir=/tmp/kraft-combined-logs/__consumer_offsets-30, topicId=xI2Xfr7ZTQKPZBYA-hnYEg, topic=__consumer_offsets, partition=30, highWatermark=0, lastStableOffset=0, logStartOffset=0, logEndOffset=0) with 1 segments, local-log-start-offset 0 and log-end-offset 0 in 9ms (12/54 completed in /tmp/kraft-combined-logs) (kafka.log.LogManager)
[2025-09-25 20:07:51,965] INFO [LogLoader partition=empleados-creados-0, dir=/tmp/kraft-combined-logs] Loading producer state till offset 8 with message format version 2 (kafka.log.UnifiedLog$)
[2025-09-25 20:07:51,965] INFO [LogLoader partition=empleados-creados-0, dir=/tmp/kraft-combined-logs] Reloading from producer snapshot and rebuilding producer state from offset 8 (kafka.log.UnifiedLog$)
[2025-09-25 20:07:51,966] INFO [ProducerStateManager partition=empleados-creados-0]Loading producer state from snapshot file 'SnapshotFile(offset=8, file=/tmp/kraft-combined-logs/empleados-creados-0/00000000000000000008.snapshot)' (org.apache.kafka.storage.internals.log.ProducerStateManager)
[2025-09-25 20:07:51,973] INFO [LogLoader partition=empleados-creados-0, dir=/tmp/kraft-combined-logs] Producer state recovery took 7ms for snapshot load and 0ms for segment recovery from offset 8 (kafka.log.UnifiedLog$)
[2025-09-25 20:07:51,975] INFO Completed load of Log(dir=/tmp/kraft-combined-logs/empleados-creados-0, topicId=FrX8B2JjQWaBWQN1NKT69A, topic=empleados-creados, partition=0, highWatermark=0, lastStableOffset=0, logStartOffset=0, logEndOffset=8) with 1 segments, local-log-start-offset 0 and log-end-offset 8 in 19ms (13/54 completed in /tmp/kraft-combined-logs) (kafka.log.LogManager)
[2025-09-25 20:07:51,989] INFO [LogLoader partition=__consumer_offsets-12, dir=/tmp/kraft-combined-logs] Loading producer state till offset 0 with message format version 2 (kafka.log.UnifiedLog$)
[2025-09-25 20:07:51,991] INFO Completed load of Log(dir=/tmp/kraft-combined-logs/__consumer_offsets-12, topicId=xI2Xfr7ZTQKPZBYA-hnYEg, topic=__consumer_offsets, partition=12, highWatermark=0, lastStableOffset=0, logStartOffset=0, logEndOffset=0) with 1 segments, local-log-start-offset 0 and log-end-offset 0 in 16ms (14/54 completed in /tmp/kraft-combined-logs) (kafka.log.LogManager)
[2025-09-25 20:07:52,003] INFO [LogLoader partition=__consumer_offsets-15, dir=/tmp/kraft-combined-logs] Loading producer state till offset 0 with message format version 2 (kafka.log.UnifiedLog$)
[2025-09-25 20:07:52,004] INFO Completed load of Log(dir=/tmp/kraft-combined-logs/__consumer_offsets-15, topicId=xI2Xfr7ZTQKPZBYA-hnYEg, topic=__consumer_offsets, partition=15, highWatermark=0, lastStableOffset=0, logStartOffset=0, logEndOffset=0) with 1 segments, local-log-start-offset 0 and log-end-offset 0 in 13ms (15/54 completed in /tmp/kraft-combined-logs) (kafka.log.LogManager)
[2025-09-25 20:07:52,011] INFO [LogLoader partition=__consumer_offsets-23, dir=/tmp/kraft-combined-logs] Loading producer state till offset 0 with message format version 2 (kafka.log.UnifiedLog$)
[2025-09-25 20:07:52,012] INFO Completed load of Log(dir=/tmp/kraft-combined-logs/__consumer_offsets-23, topicId=xI2Xfr7ZTQKPZBYA-hnYEg, topic=__consumer_offsets, partition=23, highWatermark=0, lastStableOffset=0, logStartOffset=0, logEndOffset=0) with 1 segments, local-log-start-offset 0 and log-end-offset 0 in 8ms (16/54 completed in /tmp/kraft-combined-logs) (kafka.log.LogManager)
[2025-09-25 20:07:52,022] INFO [LogLoader partition=__consumer_offsets-24, dir=/tmp/kraft-combined-logs] Loading producer state till offset 0 with message format version 2 (kafka.log.UnifiedLog$)
[2025-09-25 20:07:52,023] INFO Completed load of Log(dir=/tmp/kraft-combined-logs/__consumer_offsets-24, topicId=xI2Xfr7ZTQKPZBYA-hnYEg, topic=__consumer_offsets, partition=24, highWatermark=0, lastStableOffset=0, logStartOffset=0, logEndOffset=0) with 1 segments, local-log-start-offset 0 and log-end-offset 0 in 11ms (17/54 completed in /tmp/kraft-combined-logs) (kafka.log.LogManager)
[2025-09-25 20:07:52,033] INFO [LogLoader partition=__consumer_offsets-48, dir=/tmp/kraft-combined-logs] Loading producer state till offset 0 with message format version 2 (kafka.log.UnifiedLog$)
[2025-09-25 20:07:52,040] INFO Completed load of Log(dir=/tmp/kraft-combined-logs/__consumer_offsets-48, topicId=xI2Xfr7ZTQKPZBYA-hnYEg, topic=__consumer_offsets, partition=48, highWatermark=0, lastStableOffset=0, logStartOffset=0, logEndOffset=0) with 1 segments, local-log-start-offset 0 and log-end-offset 0 in 17ms (18/54 completed in /tmp/kraft-combined-logs) (kafka.log.LogManager)
[2025-09-25 20:07:52,051] INFO [LogLoader partition=__consumer_offsets-41, dir=/tmp/kraft-combined-logs] Loading producer state till offset 3 with message format version 2 (kafka.log.UnifiedLog$)
[2025-09-25 20:07:52,052] INFO [LogLoader partition=__consumer_offsets-41, dir=/tmp/kraft-combined-logs] Reloading from producer snapshot and rebuilding producer state from offset 3 (kafka.log.UnifiedLog$)
[2025-09-25 20:07:52,052] INFO [ProducerStateManager partition=__consumer_offsets-41]Loading producer state from snapshot file 'SnapshotFile(offset=3, file=/tmp/kraft-combined-logs/__consumer_offsets-41/00000000000000000003.snapshot)' (org.apache.kafka.storage.internals.log.ProducerStateManager)
[2025-09-25 20:07:52,052] INFO [LogLoader partition=__consumer_offsets-41, dir=/tmp/kraft-combined-logs] Producer state recovery took 0ms for snapshot load and 0ms for segment recovery from offset 3 (kafka.log.UnifiedLog$)
[2025-09-25 20:07:52,053] INFO Completed load of Log(dir=/tmp/kraft-combined-logs/__consumer_offsets-41, topicId=xI2Xfr7ZTQKPZBYA-hnYEg, topic=__consumer_offsets, partition=41, highWatermark=0, lastStableOffset=0, logStartOffset=0, logEndOffset=3) with 1 segments, local-log-start-offset 0 and log-end-offset 3 in 13ms (19/54 completed in /tmp/kraft-combined-logs) (kafka.log.LogManager)
[2025-09-25 20:07:52,063] INFO [LogLoader partition=__consumer_offsets-46, dir=/tmp/kraft-combined-logs] Loading producer state till offset 0 with message format version 2 (kafka.log.UnifiedLog$)
[2025-09-25 20:07:52,065] INFO Completed load of Log(dir=/tmp/kraft-combined-logs/__consumer_offsets-46, topicId=xI2Xfr7ZTQKPZBYA-hnYEg, topic=__consumer_offsets, partition=46, highWatermark=0, lastStableOffset=0, logStartOffset=0, logEndOffset=0) with 1 segments, local-log-start-offset 0 and log-end-offset 0 in 11ms (20/54 completed in /tmp/kraft-combined-logs) (kafka.log.LogManager)
[2025-09-25 20:07:52,071] INFO [LogLoader partition=__consumer_offsets-25, dir=/tmp/kraft-combined-logs] Loading producer state till offset 0 with message format version 2 (kafka.log.UnifiedLog$)
[2025-09-25 20:07:52,072] INFO Completed load of Log(dir=/tmp/kraft-combined-logs/__consumer_offsets-25, topicId=xI2Xfr7ZTQKPZBYA-hnYEg, topic=__consumer_offsets, partition=25, highWatermark=0, lastStableOffset=0, logStartOffset=0, logEndOffset=0) with 1 segments, local-log-start-offset 0 and log-end-offset 0 in 7ms (21/54 completed in /tmp/kraft-combined-logs) (kafka.log.LogManager)
[2025-09-25 20:07:52,079] INFO [LogLoader partition=__consumer_offsets-22, dir=/tmp/kraft-combined-logs] Loading producer state till offset 0 with message format version 2 (kafka.log.UnifiedLog$)
[2025-09-25 20:07:52,082] INFO Completed load of Log(dir=/tmp/kraft-combined-logs/__consumer_offsets-22, topicId=xI2Xfr7ZTQKPZBYA-hnYEg, topic=__consumer_offsets, partition=22, highWatermark=0, lastStableOffset=0, logStartOffset=0, logEndOffset=0) with 1 segments, local-log-start-offset 0 and log-end-offset 0 in 10ms (22/54 completed in /tmp/kraft-combined-logs) (kafka.log.LogManager)
[2025-09-25 20:07:52,090] INFO [LogLoader partition=__consumer_offsets-14, dir=/tmp/kraft-combined-logs] Loading producer state till offset 0 with message format version 2 (kafka.log.UnifiedLog$)
[2025-09-25 20:07:52,091] INFO Completed load of Log(dir=/tmp/kraft-combined-logs/__consumer_offsets-14, topicId=xI2Xfr7ZTQKPZBYA-hnYEg, topic=__consumer_offsets, partition=14, highWatermark=0, lastStableOffset=0, logStartOffset=0, logEndOffset=0) with 1 segments, local-log-start-offset 0 and log-end-offset 0 in 8ms (23/54 completed in /tmp/kraft-combined-logs) (kafka.log.LogManager)
[2025-09-25 20:07:52,097] INFO [LogLoader partition=__consumer_offsets-13, dir=/tmp/kraft-combined-logs] Loading producer state till offset 0 with message format version 2 (kafka.log.UnifiedLog$)
[2025-09-25 20:07:52,098] INFO Completed load of Log(dir=/tmp/kraft-combined-logs/__consumer_offsets-13, topicId=xI2Xfr7ZTQKPZBYA-hnYEg, topic=__consumer_offsets, partition=13, highWatermark=0, lastStableOffset=0, logStartOffset=0, logEndOffset=0) with 1 segments, local-log-start-offset 0 and log-end-offset 0 in 7ms (24/54 completed in /tmp/kraft-combined-logs) (kafka.log.LogManager)
[2025-09-25 20:07:52,105] INFO [LogLoader partition=__consumer_offsets-47, dir=/tmp/kraft-combined-logs] Loading producer state till offset 0 with message format version 2 (kafka.log.UnifiedLog$)
[2025-09-25 20:07:52,106] INFO Completed load of Log(dir=/tmp/kraft-combined-logs/__consumer_offsets-47, topicId=xI2Xfr7ZTQKPZBYA-hnYEg, topic=__consumer_offsets, partition=47, highWatermark=0, lastStableOffset=0, logStartOffset=0, logEndOffset=0) with 1 segments, local-log-start-offset 0 and log-end-offset 0 in 7ms (25/54 completed in /tmp/kraft-combined-logs) (kafka.log.LogManager)
[2025-09-25 20:07:52,114] INFO [LogLoader partition=__consumer_offsets-40, dir=/tmp/kraft-combined-logs] Loading producer state till offset 0 with message format version 2 (kafka.log.UnifiedLog$)
[2025-09-25 20:07:52,114] INFO Completed load of Log(dir=/tmp/kraft-combined-logs/__consumer_offsets-40, topicId=xI2Xfr7ZTQKPZBYA-hnYEg, topic=__consumer_offsets, partition=40, highWatermark=0, lastStableOffset=0, logStartOffset=0, logEndOffset=0) with 1 segments, local-log-start-offset 0 and log-end-offset 0 in 8ms (26/54 completed in /tmp/kraft-combined-logs) (kafka.log.LogManager)
[2025-09-25 20:07:52,121] INFO [LogLoader partition=__consumer_offsets-49, dir=/tmp/kraft-combined-logs] Loading producer state till offset 0 with message format version 2 (kafka.log.UnifiedLog$)
[2025-09-25 20:07:52,123] INFO Completed load of Log(dir=/tmp/kraft-combined-logs/__consumer_offsets-49, topicId=xI2Xfr7ZTQKPZBYA-hnYEg, topic=__consumer_offsets, partition=49, highWatermark=0, lastStableOffset=0, logStartOffset=0, logEndOffset=0) with 1 segments, local-log-start-offset 0 and log-end-offset 0 in 9ms (27/54 completed in /tmp/kraft-combined-logs) (kafka.log.LogManager)
[2025-09-25 20:07:52,132] INFO [LogLoader partition=__consumer_offsets-35, dir=/tmp/kraft-combined-logs] Loading producer state till offset 0 with message format version 2 (kafka.log.UnifiedLog$)
[2025-09-25 20:07:52,133] INFO Completed load of Log(dir=/tmp/kraft-combined-logs/__consumer_offsets-35, topicId=xI2Xfr7ZTQKPZBYA-hnYEg, topic=__consumer_offsets, partition=35, highWatermark=0, lastStableOffset=0, logStartOffset=0, logEndOffset=0) with 1 segments, local-log-start-offset 0 and log-end-offset 0 in 10ms (28/54 completed in /tmp/kraft-combined-logs) (kafka.log.LogManager)
[2025-09-25 20:07:52,141] INFO [LogLoader partition=__consumer_offsets-32, dir=/tmp/kraft-combined-logs] Loading producer state till offset 0 with message format version 2 (kafka.log.UnifiedLog$)
[2025-09-25 20:07:52,144] INFO Completed load of Log(dir=/tmp/kraft-combined-logs/__consumer_offsets-32, topicId=xI2Xfr7ZTQKPZBYA-hnYEg, topic=__consumer_offsets, partition=32, highWatermark=0, lastStableOffset=0, logStartOffset=0, logEndOffset=0) with 1 segments, local-log-start-offset 0 and log-end-offset 0 in 11ms (29/54 completed in /tmp/kraft-combined-logs) (kafka.log.LogManager)
[2025-09-25 20:07:52,152] INFO [LogLoader partition=__consumer_offsets-4, dir=/tmp/kraft-combined-logs] Loading producer state till offset 21 with message format version 2 (kafka.log.UnifiedLog$)
[2025-09-25 20:07:52,153] INFO [LogLoader partition=__consumer_offsets-4, dir=/tmp/kraft-combined-logs] Reloading from producer snapshot and rebuilding producer state from offset 21 (kafka.log.UnifiedLog$)
[2025-09-25 20:07:52,153] INFO [ProducerStateManager partition=__consumer_offsets-4]Loading producer state from snapshot file 'SnapshotFile(offset=21, file=/tmp/kraft-combined-logs/__consumer_offsets-4/00000000000000000021.snapshot)' (org.apache.kafka.storage.internals.log.ProducerStateManager)
[2025-09-25 20:07:52,153] INFO [LogLoader partition=__consumer_offsets-4, dir=/tmp/kraft-combined-logs] Producer state recovery took 0ms for snapshot load and 0ms for segment recovery from offset 21 (kafka.log.UnifiedLog$)
[2025-09-25 20:07:52,154] INFO Completed load of Log(dir=/tmp/kraft-combined-logs/__consumer_offsets-4, topicId=xI2Xfr7ZTQKPZBYA-hnYEg, topic=__consumer_offsets, partition=4, highWatermark=0, lastStableOffset=0, logStartOffset=0, logEndOffset=21) with 1 segments, local-log-start-offset 0 and log-end-offset 21 in 10ms (30/54 completed in /tmp/kraft-combined-logs) (kafka.log.LogManager)
[2025-09-25 20:07:52,162] INFO [LogLoader partition=__consumer_offsets-3, dir=/tmp/kraft-combined-logs] Loading producer state till offset 0 with message format version 2 (kafka.log.UnifiedLog$)
[2025-09-25 20:07:52,163] INFO Completed load of Log(dir=/tmp/kraft-combined-logs/__consumer_offsets-3, topicId=xI2Xfr7ZTQKPZBYA-hnYEg, topic=__consumer_offsets, partition=3, highWatermark=0, lastStableOffset=0, logStartOffset=0, logEndOffset=0) with 1 segments, local-log-start-offset 0 and log-end-offset 0 in 8ms (31/54 completed in /tmp/kraft-combined-logs) (kafka.log.LogManager)
[2025-09-25 20:07:52,169] INFO [LogLoader partition=__consumer_offsets-33, dir=/tmp/kraft-combined-logs] Loading producer state till offset 0 with message format version 2 (kafka.log.UnifiedLog$)
[2025-09-25 20:07:52,170] INFO Completed load of Log(dir=/tmp/kraft-combined-logs/__consumer_offsets-33, topicId=xI2Xfr7ZTQKPZBYA-hnYEg, topic=__consumer_offsets, partition=33, highWatermark=0, lastStableOffset=0, logStartOffset=0, logEndOffset=0) with 1 segments, local-log-start-offset 0 and log-end-offset 0 in 7ms (32/54 completed in /tmp/kraft-combined-logs) (kafka.log.LogManager)
[2025-09-25 20:07:52,177] INFO [LogLoader partition=__consumer_offsets-34, dir=/tmp/kraft-combined-logs] Loading producer state till offset 0 with message format version 2 (kafka.log.UnifiedLog$)
[2025-09-25 20:07:52,180] INFO Completed load of Log(dir=/tmp/kraft-combined-logs/__consumer_offsets-34, topicId=xI2Xfr7ZTQKPZBYA-hnYEg, topic=__consumer_offsets, partition=34, highWatermark=0, lastStableOffset=0, logStartOffset=0, logEndOffset=0) with 1 segments, local-log-start-offset 0 and log-end-offset 0 in 10ms (33/54 completed in /tmp/kraft-combined-logs) (kafka.log.LogManager)
[2025-09-25 20:07:52,189] INFO [LogLoader partition=__consumer_offsets-2, dir=/tmp/kraft-combined-logs] Loading producer state till offset 0 with message format version 2 (kafka.log.UnifiedLog$)
[2025-09-25 20:07:52,190] INFO Completed load of Log(dir=/tmp/kraft-combined-logs/__consumer_offsets-2, topicId=xI2Xfr7ZTQKPZBYA-hnYEg, topic=__consumer_offsets, partition=2, highWatermark=0, lastStableOffset=0, logStartOffset=0, logEndOffset=0) with 1 segments, local-log-start-offset 0 and log-end-offset 0 in 10ms (34/54 completed in /tmp/kraft-combined-logs) (kafka.log.LogManager)
[2025-09-25 20:07:52,196] INFO [LogLoader partition=__consumer_offsets-5, dir=/tmp/kraft-combined-logs] Loading producer state till offset 0 with message format version 2 (kafka.log.UnifiedLog$)
[2025-09-25 20:07:52,197] INFO Completed load of Log(dir=/tmp/kraft-combined-logs/__consumer_offsets-5, topicId=xI2Xfr7ZTQKPZBYA-hnYEg, topic=__consumer_offsets, partition=5, highWatermark=0, lastStableOffset=0, logStartOffset=0, logEndOffset=0) with 1 segments, local-log-start-offset 0 and log-end-offset 0 in 7ms (35/54 completed in /tmp/kraft-combined-logs) (kafka.log.LogManager)
[2025-09-25 20:07:52,211] INFO [LogLoader partition=empleados-actualizados-0, dir=/tmp/kraft-combined-logs] Loading producer state till offset 1 with message format version 2 (kafka.log.UnifiedLog$)
[2025-09-25 20:07:52,211] INFO [LogLoader partition=empleados-actualizados-0, dir=/tmp/kraft-combined-logs] Reloading from producer snapshot and rebuilding producer state from offset 1 (kafka.log.UnifiedLog$)
[2025-09-25 20:07:52,211] INFO [ProducerStateManager partition=empleados-actualizados-0]Loading producer state from snapshot file 'SnapshotFile(offset=1, file=/tmp/kraft-combined-logs/empleados-actualizados-0/00000000000000000001.snapshot)' (org.apache.kafka.storage.internals.log.ProducerStateManager)
[2025-09-25 20:07:52,211] INFO [LogLoader partition=empleados-actualizados-0, dir=/tmp/kraft-combined-logs] Producer state recovery took 0ms for snapshot load and 0ms for segment recovery from offset 1 (kafka.log.UnifiedLog$)
[2025-09-25 20:07:52,212] INFO Completed load of Log(dir=/tmp/kraft-combined-logs/empleados-actualizados-0, topicId=biVPWQilS3Oixixy2bOONg, topic=empleados-actualizados, partition=0, highWatermark=0, lastStableOffset=0, logStartOffset=0, logEndOffset=1) with 1 segments, local-log-start-offset 0 and log-end-offset 1 in 15ms (36/54 completed in /tmp/kraft-combined-logs) (kafka.log.LogManager)
[2025-09-25 20:07:52,221] INFO [LogLoader partition=empleados-creado-0, dir=/tmp/kraft-combined-logs] Loading producer state till offset 5 with message format version 2 (kafka.log.UnifiedLog$)
[2025-09-25 20:07:52,221] INFO [LogLoader partition=empleados-creado-0, dir=/tmp/kraft-combined-logs] Reloading from producer snapshot and rebuilding producer state from offset 5 (kafka.log.UnifiedLog$)
[2025-09-25 20:07:52,221] INFO [ProducerStateManager partition=empleados-creado-0]Loading producer state from snapshot file 'SnapshotFile(offset=5, file=/tmp/kraft-combined-logs/empleados-creado-0/00000000000000000005.snapshot)' (org.apache.kafka.storage.internals.log.ProducerStateManager)
[2025-09-25 20:07:52,221] INFO [LogLoader partition=empleados-creado-0, dir=/tmp/kraft-combined-logs] Producer state recovery took 0ms for snapshot load and 0ms for segment recovery from offset 5 (kafka.log.UnifiedLog$)
[2025-09-25 20:07:52,227] INFO Completed load of Log(dir=/tmp/kraft-combined-logs/empleados-creado-0, topicId=OgabLLGzRTai7MSUpzTVjQ, topic=empleados-creado, partition=0, highWatermark=0, lastStableOffset=0, logStartOffset=0, logEndOffset=5) with 1 segments, local-log-start-offset 0 and log-end-offset 5 in 15ms (37/54 completed in /tmp/kraft-combined-logs) (kafka.log.LogManager)
[2025-09-25 20:07:52,241] INFO [LogLoader partition=empleados-eliminados-0, dir=/tmp/kraft-combined-logs] Loading producer state till offset 1 with message format version 2 (kafka.log.UnifiedLog$)
[2025-09-25 20:07:52,241] INFO [LogLoader partition=empleados-eliminados-0, dir=/tmp/kraft-combined-logs] Reloading from producer snapshot and rebuilding producer state from offset 1 (kafka.log.UnifiedLog$)
[2025-09-25 20:07:52,241] INFO [ProducerStateManager partition=empleados-eliminados-0]Loading producer state from snapshot file 'SnapshotFile(offset=1, file=/tmp/kraft-combined-logs/empleados-eliminados-0/00000000000000000001.snapshot)' (org.apache.kafka.storage.internals.log.ProducerStateManager)
[2025-09-25 20:07:52,241] INFO [LogLoader partition=empleados-eliminados-0, dir=/tmp/kraft-combined-logs] Producer state recovery took 0ms for snapshot load and 0ms for segment recovery from offset 1 (kafka.log.UnifiedLog$)
[2025-09-25 20:07:52,242] INFO Completed load of Log(dir=/tmp/kraft-combined-logs/empleados-eliminados-0, topicId=8nsLXeIxTN21JSnFOOuHng, topic=empleados-eliminados, partition=0, highWatermark=0, lastStableOffset=0, logStartOffset=0, logEndOffset=1) with 1 segments, local-log-start-offset 0 and log-end-offset 1 in 15ms (38/54 completed in /tmp/kraft-combined-logs) (kafka.log.LogManager)
[2025-09-25 20:07:52,247] INFO [LogLoader partition=__consumer_offsets-45, dir=/tmp/kraft-combined-logs] Loading producer state till offset 0 with message format version 2 (kafka.log.UnifiedLog$)
[2025-09-25 20:07:52,248] INFO Completed load of Log(dir=/tmp/kraft-combined-logs/__consumer_offsets-45, topicId=xI2Xfr7ZTQKPZBYA-hnYEg, topic=__consumer_offsets, partition=45, highWatermark=0, lastStableOffset=0, logStartOffset=0, logEndOffset=0) with 1 segments, local-log-start-offset 0 and log-end-offset 0 in 6ms (39/54 completed in /tmp/kraft-combined-logs) (kafka.log.LogManager)
[2025-09-25 20:07:52,254] INFO [LogLoader partition=__consumer_offsets-42, dir=/tmp/kraft-combined-logs] Loading producer state till offset 0 with message format version 2 (kafka.log.UnifiedLog$)
[2025-09-25 20:07:52,255] INFO Completed load of Log(dir=/tmp/kraft-combined-logs/__consumer_offsets-42, topicId=xI2Xfr7ZTQKPZBYA-hnYEg, topic=__consumer_offsets, partition=42, highWatermark=0, lastStableOffset=0, logStartOffset=0, logEndOffset=0) with 1 segments, local-log-start-offset 0 and log-end-offset 0 in 7ms (40/54 completed in /tmp/kraft-combined-logs) (kafka.log.LogManager)
[2025-09-25 20:07:52,261] INFO [LogLoader partition=__consumer_offsets-29, dir=/tmp/kraft-combined-logs] Loading producer state till offset 0 with message format version 2 (kafka.log.UnifiedLog$)
[2025-09-25 20:07:52,262] INFO Completed load of Log(dir=/tmp/kraft-combined-logs/__consumer_offsets-29, topicId=xI2Xfr7ZTQKPZBYA-hnYEg, topic=__consumer_offsets, partition=29, highWatermark=0, lastStableOffset=0, logStartOffset=0, logEndOffset=0) with 1 segments, local-log-start-offset 0 and log-end-offset 0 in 7ms (41/54 completed in /tmp/kraft-combined-logs) (kafka.log.LogManager)
[2025-09-25 20:07:52,268] INFO [LogLoader partition=__consumer_offsets-16, dir=/tmp/kraft-combined-logs] Loading producer state till offset 0 with message format version 2 (kafka.log.UnifiedLog$)
[2025-09-25 20:07:52,269] INFO Completed load of Log(dir=/tmp/kraft-combined-logs/__consumer_offsets-16, topicId=xI2Xfr7ZTQKPZBYA-hnYEg, topic=__consumer_offsets, partition=16, highWatermark=0, lastStableOffset=0, logStartOffset=0, logEndOffset=0) with 1 segments, local-log-start-offset 0 and log-end-offset 0 in 7ms (42/54 completed in /tmp/kraft-combined-logs) (kafka.log.LogManager)
[2025-09-25 20:07:52,275] INFO [LogLoader partition=__consumer_offsets-11, dir=/tmp/kraft-combined-logs] Loading producer state till offset 0 with message format version 2 (kafka.log.UnifiedLog$)
[2025-09-25 20:07:52,290] INFO Completed load of Log(dir=/tmp/kraft-combined-logs/__consumer_offsets-11, topicId=xI2Xfr7ZTQKPZBYA-hnYEg, topic=__consumer_offsets, partition=11, highWatermark=0, lastStableOffset=0, logStartOffset=0, logEndOffset=0) with 1 segments, local-log-start-offset 0 and log-end-offset 0 in 21ms (43/54 completed in /tmp/kraft-combined-logs) (kafka.log.LogManager)
[2025-09-25 20:07:52,301] INFO [LogLoader partition=__consumer_offsets-18, dir=/tmp/kraft-combined-logs] Loading producer state till offset 0 with message format version 2 (kafka.log.UnifiedLog$)
[2025-09-25 20:07:52,302] INFO Completed load of Log(dir=/tmp/kraft-combined-logs/__consumer_offsets-18, topicId=xI2Xfr7ZTQKPZBYA-hnYEg, topic=__consumer_offsets, partition=18, highWatermark=0, lastStableOffset=0, logStartOffset=0, logEndOffset=0) with 1 segments, local-log-start-offset 0 and log-end-offset 0 in 11ms (44/54 completed in /tmp/kraft-combined-logs) (kafka.log.LogManager)
[2025-09-25 20:07:52,308] INFO [LogLoader partition=__consumer_offsets-27, dir=/tmp/kraft-combined-logs] Loading producer state till offset 0 with message format version 2 (kafka.log.UnifiedLog$)
[2025-09-25 20:07:52,310] INFO Completed load of Log(dir=/tmp/kraft-combined-logs/__consumer_offsets-27, topicId=xI2Xfr7ZTQKPZBYA-hnYEg, topic=__consumer_offsets, partition=27, highWatermark=0, lastStableOffset=0, logStartOffset=0, logEndOffset=0) with 1 segments, local-log-start-offset 0 and log-end-offset 0 in 7ms (45/54 completed in /tmp/kraft-combined-logs) (kafka.log.LogManager)
[2025-09-25 20:07:52,317] INFO [LogLoader partition=__consumer_offsets-20, dir=/tmp/kraft-combined-logs] Loading producer state till offset 0 with message format version 2 (kafka.log.UnifiedLog$)
[2025-09-25 20:07:52,319] INFO Completed load of Log(dir=/tmp/kraft-combined-logs/__consumer_offsets-20, topicId=xI2Xfr7ZTQKPZBYA-hnYEg, topic=__consumer_offsets, partition=20, highWatermark=0, lastStableOffset=0, logStartOffset=0, logEndOffset=0) with 1 segments, local-log-start-offset 0 and log-end-offset 0 in 8ms (46/54 completed in /tmp/kraft-combined-logs) (kafka.log.LogManager)
[2025-09-25 20:07:52,327] INFO [LogLoader partition=__consumer_offsets-43, dir=/tmp/kraft-combined-logs] Loading producer state till offset 0 with message format version 2 (kafka.log.UnifiedLog$)
[2025-09-25 20:07:52,328] INFO Completed load of Log(dir=/tmp/kraft-combined-logs/__consumer_offsets-43, topicId=xI2Xfr7ZTQKPZBYA-hnYEg, topic=__consumer_offsets, partition=43, highWatermark=0, lastStableOffset=0, logStartOffset=0, logEndOffset=0) with 1 segments, local-log-start-offset 0 and log-end-offset 0 in 8ms (47/54 completed in /tmp/kraft-combined-logs) (kafka.log.LogManager)
[2025-09-25 20:07:52,334] INFO [LogLoader partition=__consumer_offsets-44, dir=/tmp/kraft-combined-logs] Loading producer state till offset 0 with message format version 2 (kafka.log.UnifiedLog$)
[2025-09-25 20:07:52,336] INFO Completed load of Log(dir=/tmp/kraft-combined-logs/__consumer_offsets-44, topicId=xI2Xfr7ZTQKPZBYA-hnYEg, topic=__consumer_offsets, partition=44, highWatermark=0, lastStableOffset=0, logStartOffset=0, logEndOffset=0) with 1 segments, local-log-start-offset 0 and log-end-offset 0 in 8ms (48/54 completed in /tmp/kraft-combined-logs) (kafka.log.LogManager)
[2025-09-25 20:07:52,342] INFO [LogLoader partition=__consumer_offsets-21, dir=/tmp/kraft-combined-logs] Loading producer state till offset 0 with message format version 2 (kafka.log.UnifiedLog$)
[2025-09-25 20:07:52,343] INFO Completed load of Log(dir=/tmp/kraft-combined-logs/__consumer_offsets-21, topicId=xI2Xfr7ZTQKPZBYA-hnYEg, topic=__consumer_offsets, partition=21, highWatermark=0, lastStableOffset=0, logStartOffset=0, logEndOffset=0) with 1 segments, local-log-start-offset 0 and log-end-offset 0 in 7ms (49/54 completed in /tmp/kraft-combined-logs) (kafka.log.LogManager)
[2025-09-25 20:07:52,348] INFO [LogLoader partition=__consumer_offsets-19, dir=/tmp/kraft-combined-logs] Loading producer state till offset 0 with message format version 2 (kafka.log.UnifiedLog$)
[2025-09-25 20:07:52,354] INFO Completed load of Log(dir=/tmp/kraft-combined-logs/__consumer_offsets-19, topicId=xI2Xfr7ZTQKPZBYA-hnYEg, topic=__consumer_offsets, partition=19, highWatermark=0, lastStableOffset=0, logStartOffset=0, logEndOffset=0) with 1 segments, local-log-start-offset 0 and log-end-offset 0 in 11ms (50/54 completed in /tmp/kraft-combined-logs) (kafka.log.LogManager)
[2025-09-25 20:07:52,361] INFO [LogLoader partition=__consumer_offsets-26, dir=/tmp/kraft-combined-logs] Loading producer state till offset 0 with message format version 2 (kafka.log.UnifiedLog$)
[2025-09-25 20:07:52,363] INFO Completed load of Log(dir=/tmp/kraft-combined-logs/__consumer_offsets-26, topicId=xI2Xfr7ZTQKPZBYA-hnYEg, topic=__consumer_offsets, partition=26, highWatermark=0, lastStableOffset=0, logStartOffset=0, logEndOffset=0) with 1 segments, local-log-start-offset 0 and log-end-offset 0 in 9ms (51/54 completed in /tmp/kraft-combined-logs) (kafka.log.LogManager)
[2025-09-25 20:07:52,372] INFO [LogLoader partition=__consumer_offsets-10, dir=/tmp/kraft-combined-logs] Loading producer state till offset 0 with message format version 2 (kafka.log.UnifiedLog$)
[2025-09-25 20:07:52,373] INFO Completed load of Log(dir=/tmp/kraft-combined-logs/__consumer_offsets-10, topicId=xI2Xfr7ZTQKPZBYA-hnYEg, topic=__consumer_offsets, partition=10, highWatermark=0, lastStableOffset=0, logStartOffset=0, logEndOffset=0) with 1 segments, local-log-start-offset 0 and log-end-offset 0 in 10ms (52/54 completed in /tmp/kraft-combined-logs) (kafka.log.LogManager)
[2025-09-25 20:07:52,378] INFO [LogLoader partition=__consumer_offsets-28, dir=/tmp/kraft-combined-logs] Loading producer state till offset 0 with message format version 2 (kafka.log.UnifiedLog$)
[2025-09-25 20:07:52,379] INFO Completed load of Log(dir=/tmp/kraft-combined-logs/__consumer_offsets-28, topicId=xI2Xfr7ZTQKPZBYA-hnYEg, topic=__consumer_offsets, partition=28, highWatermark=0, lastStableOffset=0, logStartOffset=0, logEndOffset=0) with 1 segments, local-log-start-offset 0 and log-end-offset 0 in 6ms (53/54 completed in /tmp/kraft-combined-logs) (kafka.log.LogManager)
[2025-09-25 20:07:52,391] INFO [LogLoader partition=__consumer_offsets-17, dir=/tmp/kraft-combined-logs] Loading producer state till offset 0 with message format version 2 (kafka.log.UnifiedLog$)
[2025-09-25 20:07:52,392] INFO Completed load of Log(dir=/tmp/kraft-combined-logs/__consumer_offsets-17, topicId=xI2Xfr7ZTQKPZBYA-hnYEg, topic=__consumer_offsets, partition=17, highWatermark=0, lastStableOffset=0, logStartOffset=0, logEndOffset=0) with 1 segments, local-log-start-offset 0 and log-end-offset 0 in 13ms (54/54 completed in /tmp/kraft-combined-logs) (kafka.log.LogManager)
[2025-09-25 20:07:52,405] INFO Loaded 54 logs in 634ms (kafka.log.LogManager)
[2025-09-25 20:07:52,406] INFO Starting log cleanup with a period of 300000 ms. (kafka.log.LogManager)
[2025-09-25 20:07:52,407] INFO Starting log flusher with a default period of 9223372036854775807 ms. (kafka.log.LogManager)
[2025-09-25 20:07:52,463] INFO [kafka-log-cleaner-thread-0]: Starting (kafka.log.LogCleaner$CleanerThread)
[2025-09-25 20:07:52,465] INFO [LogDirFailureHandler]: Starting (kafka.server.ReplicaManager$LogDirFailureHandler)
[2025-09-25 20:07:52,466] INFO [AddPartitionsToTxnSenderThread-1]: Starting (kafka.server.AddPartitionsToTxnManager)
[2025-09-25 20:07:52,466] INFO [GroupCoordinator 1]: Starting up. (kafka.coordinator.group.GroupCoordinator)
[2025-09-25 20:07:52,507] INFO [GroupCoordinator 1]: Startup complete. (kafka.coordinator.group.GroupCoordinator)
[2025-09-25 20:07:52,551] INFO [TransactionCoordinator id=1] Starting up. (kafka.coordinator.transaction.TransactionCoordinator)
[2025-09-25 20:07:52,562] INFO [TxnMarkerSenderThread-1]: Starting (kafka.coordinator.transaction.TransactionMarkerChannelManager)
[2025-09-25 20:07:52,563] INFO [TransactionCoordinator id=1] Startup complete. (kafka.coordinator.transaction.TransactionCoordinator)
[2025-09-25 20:07:52,565] INFO [BrokerMetadataPublisher id=1] Updating metadata.version to 14 at offset OffsetAndEpoch(offset=58153, epoch=8). (kafka.server.metadata.BrokerMetadataPublisher)
[2025-09-25 20:07:52,627] INFO [Partition __consumer_offsets-13 broker=1] Log loaded for partition __consumer_offsets-13 with initial high watermark 0 (kafka.cluster.Partition)
[2025-09-25 20:07:52,636] INFO [Partition __consumer_offsets-46 broker=1] Log loaded for partition __consumer_offsets-46 with initial high watermark 0 (kafka.cluster.Partition)
[2025-09-25 20:07:52,637] INFO [Partition __consumer_offsets-9 broker=1] Log loaded for partition __consumer_offsets-9 with initial high watermark 0 (kafka.cluster.Partition)
[2025-09-25 20:07:52,637] INFO [Partition __consumer_offsets-42 broker=1] Log loaded for partition __consumer_offsets-42 with initial high watermark 0 (kafka.cluster.Partition)
[2025-09-25 20:07:52,638] INFO [Partition __consumer_offsets-21 broker=1] Log loaded for partition __consumer_offsets-21 with initial high watermark 0 (kafka.cluster.Partition)
[2025-09-25 20:07:52,640] INFO [Partition __consumer_offsets-17 broker=1] Log loaded for partition __consumer_offsets-17 with initial high watermark 0 (kafka.cluster.Partition)
[2025-09-25 20:07:52,643] INFO [Partition __consumer_offsets-30 broker=1] Log loaded for partition __consumer_offsets-30 with initial high watermark 0 (kafka.cluster.Partition)
[2025-09-25 20:07:52,645] INFO [Partition __consumer_offsets-26 broker=1] Log loaded for partition __consumer_offsets-26 with initial high watermark 0 (kafka.cluster.Partition)
[2025-09-25 20:07:52,646] INFO [Partition __consumer_offsets-5 broker=1] Log loaded for partition __consumer_offsets-5 with initial high watermark 0 (kafka.cluster.Partition)
[2025-09-25 20:07:52,647] INFO [Partition __consumer_offsets-38 broker=1] Log loaded for partition __consumer_offsets-38 with initial high watermark 0 (kafka.cluster.Partition)
[2025-09-25 20:07:52,648] INFO [Partition __consumer_offsets-1 broker=1] Log loaded for partition __consumer_offsets-1 with initial high watermark 0 (kafka.cluster.Partition)
[2025-09-25 20:07:52,650] INFO [Partition __consumer_offsets-34 broker=1] Log loaded for partition __consumer_offsets-34 with initial high watermark 0 (kafka.cluster.Partition)
[2025-09-25 20:07:52,653] INFO [Partition __consumer_offsets-16 broker=1] Log loaded for partition __consumer_offsets-16 with initial high watermark 0 (kafka.cluster.Partition)
[2025-09-25 20:07:52,654] INFO [Partition __consumer_offsets-45 broker=1] Log loaded for partition __consumer_offsets-45 with initial high watermark 0 (kafka.cluster.Partition)
[2025-09-25 20:07:52,655] INFO [Partition __consumer_offsets-12 broker=1] Log loaded for partition __consumer_offsets-12 with initial high watermark 0 (kafka.cluster.Partition)
[2025-09-25 20:07:52,656] INFO [Partition __consumer_offsets-41 broker=1] Log loaded for partition __consumer_offsets-41 with initial high watermark 3 (kafka.cluster.Partition)
[2025-09-25 20:07:52,656] INFO [Partition __consumer_offsets-24 broker=1] Log loaded for partition __consumer_offsets-24 with initial high watermark 0 (kafka.cluster.Partition)
[2025-09-25 20:07:52,656] INFO [Partition __consumer_offsets-20 broker=1] Log loaded for partition __consumer_offsets-20 with initial high watermark 0 (kafka.cluster.Partition)
[2025-09-25 20:07:52,659] INFO [Partition __consumer_offsets-49 broker=1] Log loaded for partition __consumer_offsets-49 with initial high watermark 0 (kafka.cluster.Partition)
[2025-09-25 20:07:52,660] INFO [Partition __consumer_offsets-0 broker=1] Log loaded for partition __consumer_offsets-0 with initial high watermark 0 (kafka.cluster.Partition)
[2025-09-25 20:07:52,660] INFO [Partition __consumer_offsets-29 broker=1] Log loaded for partition __consumer_offsets-29 with initial high watermark 0 (kafka.cluster.Partition)
[2025-09-25 20:07:52,661] INFO [Partition __consumer_offsets-25 broker=1] Log loaded for partition __consumer_offsets-25 with initial high watermark 0 (kafka.cluster.Partition)
[2025-09-25 20:07:52,661] INFO [Partition __consumer_offsets-8 broker=1] Log loaded for partition __consumer_offsets-8 with initial high watermark 0 (kafka.cluster.Partition)
[2025-09-25 20:07:52,662] INFO [Partition __consumer_offsets-37 broker=1] Log loaded for partition __consumer_offsets-37 with initial high watermark 0 (kafka.cluster.Partition)
[2025-09-25 20:07:52,663] INFO [Partition __consumer_offsets-4 broker=1] Log loaded for partition __consumer_offsets-4 with initial high watermark 21 (kafka.cluster.Partition)
[2025-09-25 20:07:52,664] INFO [Partition __consumer_offsets-33 broker=1] Log loaded for partition __consumer_offsets-33 with initial high watermark 0 (kafka.cluster.Partition)
[2025-09-25 20:07:52,665] INFO [Partition __consumer_offsets-15 broker=1] Log loaded for partition __consumer_offsets-15 with initial high watermark 0 (kafka.cluster.Partition)
[2025-09-25 20:07:52,666] INFO [Partition __consumer_offsets-48 broker=1] Log loaded for partition __consumer_offsets-48 with initial high watermark 0 (kafka.cluster.Partition)
[2025-09-25 20:07:52,668] INFO [Partition __consumer_offsets-11 broker=1] Log loaded for partition __consumer_offsets-11 with initial high watermark 0 (kafka.cluster.Partition)
[2025-09-25 20:07:52,675] INFO [Partition __consumer_offsets-44 broker=1] Log loaded for partition __consumer_offsets-44 with initial high watermark 0 (kafka.cluster.Partition)
[2025-09-25 20:07:52,676] INFO [Partition __consumer_offsets-23 broker=1] Log loaded for partition __consumer_offsets-23 with initial high watermark 0 (kafka.cluster.Partition)
[2025-09-25 20:07:52,678] INFO [Partition __consumer_offsets-19 broker=1] Log loaded for partition __consumer_offsets-19 with initial high watermark 0 (kafka.cluster.Partition)
[2025-09-25 20:07:52,679] INFO [Partition __consumer_offsets-32 broker=1] Log loaded for partition __consumer_offsets-32 with initial high watermark 0 (kafka.cluster.Partition)
[2025-09-25 20:07:52,683] INFO [Partition __consumer_offsets-28 broker=1] Log loaded for partition __consumer_offsets-28 with initial high watermark 0 (kafka.cluster.Partition)
[2025-09-25 20:07:52,686] INFO [Partition __consumer_offsets-7 broker=1] Log loaded for partition __consumer_offsets-7 with initial high watermark 0 (kafka.cluster.Partition)
[2025-09-25 20:07:52,687] INFO [Partition __consumer_offsets-40 broker=1] Log loaded for partition __consumer_offsets-40 with initial high watermark 0 (kafka.cluster.Partition)
[2025-09-25 20:07:52,689] INFO [Partition empleados-creado-0 broker=1] Log loaded for partition empleados-creado-0 with initial high watermark 5 (kafka.cluster.Partition)
[2025-09-25 20:07:52,689] INFO [Partition __consumer_offsets-3 broker=1] Log loaded for partition __consumer_offsets-3 with initial high watermark 0 (kafka.cluster.Partition)
[2025-09-25 20:07:52,690] INFO [Partition __consumer_offsets-36 broker=1] Log loaded for partition __consumer_offsets-36 with initial high watermark 0 (kafka.cluster.Partition)
[2025-09-25 20:07:52,693] INFO [Partition __consumer_offsets-47 broker=1] Log loaded for partition __consumer_offsets-47 with initial high watermark 0 (kafka.cluster.Partition)
[2025-09-25 20:07:52,694] INFO [Partition __consumer_offsets-14 broker=1] Log loaded for partition __consumer_offsets-14 with initial high watermark 0 (kafka.cluster.Partition)
[2025-09-25 20:07:52,694] INFO [Partition __consumer_offsets-43 broker=1] Log loaded for partition __consumer_offsets-43 with initial high watermark 0 (kafka.cluster.Partition)
[2025-09-25 20:07:52,695] INFO [Partition empleados-creados-0 broker=1] Log loaded for partition empleados-creados-0 with initial high watermark 8 (kafka.cluster.Partition)
[2025-09-25 20:07:52,695] INFO [Partition __consumer_offsets-10 broker=1] Log loaded for partition __consumer_offsets-10 with initial high watermark 0 (kafka.cluster.Partition)
[2025-09-25 20:07:52,696] INFO [Partition __consumer_offsets-22 broker=1] Log loaded for partition __consumer_offsets-22 with initial high watermark 0 (kafka.cluster.Partition)
[2025-09-25 20:07:52,696] INFO [Partition __consumer_offsets-18 broker=1] Log loaded for partition __consumer_offsets-18 with initial high watermark 0 (kafka.cluster.Partition)
[2025-09-25 20:07:52,697] INFO [Partition __consumer_offsets-31 broker=1] Log loaded for partition __consumer_offsets-31 with initial high watermark 0 (kafka.cluster.Partition)
[2025-09-25 20:07:52,699] INFO [Partition __consumer_offsets-27 broker=1] Log loaded for partition __consumer_offsets-27 with initial high watermark 0 (kafka.cluster.Partition)
[2025-09-25 20:07:52,702] INFO [Partition empleados-actualizados-0 broker=1] Log loaded for partition empleados-actualizados-0 with initial high watermark 1 (kafka.cluster.Partition)
[2025-09-25 20:07:52,702] INFO [Partition empleados-eliminados-0 broker=1] Log loaded for partition empleados-eliminados-0 with initial high watermark 1 (kafka.cluster.Partition)
[2025-09-25 20:07:52,703] INFO [Partition __consumer_offsets-39 broker=1] Log loaded for partition __consumer_offsets-39 with initial high watermark 0 (kafka.cluster.Partition)
[2025-09-25 20:07:52,710] INFO [Partition __consumer_offsets-6 broker=1] Log loaded for partition __consumer_offsets-6 with initial high watermark 3 (kafka.cluster.Partition)
[2025-09-25 20:07:52,712] INFO [Partition __consumer_offsets-35 broker=1] Log loaded for partition __consumer_offsets-35 with initial high watermark 0 (kafka.cluster.Partition)
[2025-09-25 20:07:52,712] INFO [Partition __consumer_offsets-2 broker=1] Log loaded for partition __consumer_offsets-2 with initial high watermark 0 (kafka.cluster.Partition)
[2025-09-25 20:07:52,736] INFO [ReplicaFetcherManager on broker 1] Removed fetcher for partitions Set(__consumer_offsets-13, __consumer_offsets-46, __consumer_offsets-9, __consumer_offsets-42, __consumer_offsets-21, __consumer_offsets-17, __consumer_offsets-30, __consumer_offsets-26, __consumer_offsets-5, __consumer_offsets-38, __consumer_offsets-1, __consumer_offsets-34, __consumer_offsets-16, __consumer_offsets-45, __consumer_offsets-12, __consumer_offsets-41, __consumer_offsets-24, __consumer_offsets-20, __consumer_offsets-49, __consumer_offsets-0, __consumer_offsets-29, __consumer_offsets-25, __consumer_offsets-8, __consumer_offsets-37, __consumer_offsets-4, __consumer_offsets-33, __consumer_offsets-15, __consumer_offsets-48, __consumer_offsets-11, __consumer_offsets-44, __consumer_offsets-23, __consumer_offsets-19, __consumer_offsets-32, __consumer_offsets-28, __consumer_offsets-7, __consumer_offsets-40, empleados-creado-0, __consumer_offsets-3, __consumer_offsets-36, __consumer_offsets-47, __consumer_offsets-14, __consumer_offsets-43, empleados-creados-0, __consumer_offsets-10, __consumer_offsets-22, __consumer_offsets-18, __consumer_offsets-31, __consumer_offsets-27, empleados-actualizados-0, empleados-eliminados-0, __consumer_offsets-39, __consumer_offsets-6, __consumer_offsets-35, __consumer_offsets-2) (kafka.server.ReplicaFetcherManager)
[2025-09-25 20:07:52,771] INFO [GroupCoordinator 1]: Resigned as the group coordinator for partition 13 in epoch OptionalInt[7] (kafka.coordinator.group.GroupCoordinator)
[2025-09-25 20:07:52,773] INFO [GroupMetadataManager brokerId=1] Scheduling unloading of offsets and group metadata from __consumer_offsets-13 (kafka.coordinator.group.GroupMetadataManager)
[2025-09-25 20:07:52,773] INFO [GroupCoordinator 1]: Resigned as the group coordinator for partition 46 in epoch OptionalInt[7] (kafka.coordinator.group.GroupCoordinator)
[2025-09-25 20:07:52,773] INFO [GroupMetadataManager brokerId=1] Scheduling unloading of offsets and group metadata from __consumer_offsets-46 (kafka.coordinator.group.GroupMetadataManager)
[2025-09-25 20:07:52,773] INFO [GroupCoordinator 1]: Resigned as the group coordinator for partition 9 in epoch OptionalInt[7] (kafka.coordinator.group.GroupCoordinator)
[2025-09-25 20:07:52,773] INFO [GroupMetadataManager brokerId=1] Scheduling unloading of offsets and group metadata from __consumer_offsets-9 (kafka.coordinator.group.GroupMetadataManager)
[2025-09-25 20:07:52,773] INFO [GroupCoordinator 1]: Resigned as the group coordinator for partition 42 in epoch OptionalInt[7] (kafka.coordinator.group.GroupCoordinator)
[2025-09-25 20:07:52,773] INFO [GroupMetadataManager brokerId=1] Scheduling unloading of offsets and group metadata from __consumer_offsets-42 (kafka.coordinator.group.GroupMetadataManager)
[2025-09-25 20:07:52,773] INFO [GroupCoordinator 1]: Resigned as the group coordinator for partition 21 in epoch OptionalInt[7] (kafka.coordinator.group.GroupCoordinator)
[2025-09-25 20:07:52,773] INFO [GroupMetadataManager brokerId=1] Scheduling unloading of offsets and group metadata from __consumer_offsets-21 (kafka.coordinator.group.GroupMetadataManager)
[2025-09-25 20:07:52,773] INFO [GroupCoordinator 1]: Resigned as the group coordinator for partition 17 in epoch OptionalInt[7] (kafka.coordinator.group.GroupCoordinator)
[2025-09-25 20:07:52,773] INFO [GroupMetadataManager brokerId=1] Scheduling unloading of offsets and group metadata from __consumer_offsets-17 (kafka.coordinator.group.GroupMetadataManager)
[2025-09-25 20:07:52,773] INFO [GroupCoordinator 1]: Resigned as the group coordinator for partition 30 in epoch OptionalInt[7] (kafka.coordinator.group.GroupCoordinator)
[2025-09-25 20:07:52,773] INFO [GroupMetadataManager brokerId=1] Scheduling unloading of offsets and group metadata from __consumer_offsets-30 (kafka.coordinator.group.GroupMetadataManager)
[2025-09-25 20:07:52,773] INFO [GroupCoordinator 1]: Resigned as the group coordinator for partition 26 in epoch OptionalInt[7] (kafka.coordinator.group.GroupCoordinator)
[2025-09-25 20:07:52,773] INFO [GroupMetadataManager brokerId=1] Scheduling unloading of offsets and group metadata from __consumer_offsets-26 (kafka.coordinator.group.GroupMetadataManager)
[2025-09-25 20:07:52,773] INFO [GroupCoordinator 1]: Resigned as the group coordinator for partition 5 in epoch OptionalInt[7] (kafka.coordinator.group.GroupCoordinator)
[2025-09-25 20:07:52,773] INFO [GroupMetadataManager brokerId=1] Scheduling unloading of offsets and group metadata from __consumer_offsets-5 (kafka.coordinator.group.GroupMetadataManager)
[2025-09-25 20:07:52,773] INFO [GroupCoordinator 1]: Resigned as the group coordinator for partition 38 in epoch OptionalInt[7] (kafka.coordinator.group.GroupCoordinator)
[2025-09-25 20:07:52,773] INFO [GroupMetadataManager brokerId=1] Scheduling unloading of offsets and group metadata from __consumer_offsets-38 (kafka.coordinator.group.GroupMetadataManager)
[2025-09-25 20:07:52,773] INFO [GroupCoordinator 1]: Resigned as the group coordinator for partition 1 in epoch OptionalInt[7] (kafka.coordinator.group.GroupCoordinator)
[2025-09-25 20:07:52,773] INFO [GroupMetadataManager brokerId=1] Scheduling unloading of offsets and group metadata from __consumer_offsets-1 (kafka.coordinator.group.GroupMetadataManager)
[2025-09-25 20:07:52,773] INFO [GroupCoordinator 1]: Resigned as the group coordinator for partition 34 in epoch OptionalInt[7] (kafka.coordinator.group.GroupCoordinator)
[2025-09-25 20:07:52,773] INFO [GroupMetadataManager brokerId=1] Scheduling unloading of offsets and group metadata from __consumer_offsets-34 (kafka.coordinator.group.GroupMetadataManager)
[2025-09-25 20:07:52,773] INFO [GroupCoordinator 1]: Resigned as the group coordinator for partition 16 in epoch OptionalInt[7] (kafka.coordinator.group.GroupCoordinator)
[2025-09-25 20:07:52,773] INFO [GroupMetadataManager brokerId=1] Scheduling unloading of offsets and group metadata from __consumer_offsets-16 (kafka.coordinator.group.GroupMetadataManager)
[2025-09-25 20:07:52,773] INFO [GroupCoordinator 1]: Resigned as the group coordinator for partition 45 in epoch OptionalInt[7] (kafka.coordinator.group.GroupCoordinator)
[2025-09-25 20:07:52,773] INFO [GroupMetadataManager brokerId=1] Scheduling unloading of offsets and group metadata from __consumer_offsets-45 (kafka.coordinator.group.GroupMetadataManager)
[2025-09-25 20:07:52,774] INFO [GroupCoordinator 1]: Resigned as the group coordinator for partition 12 in epoch OptionalInt[7] (kafka.coordinator.group.GroupCoordinator)
[2025-09-25 20:07:52,774] INFO [GroupMetadataManager brokerId=1] Scheduling unloading of offsets and group metadata from __consumer_offsets-12 (kafka.coordinator.group.GroupMetadataManager)
[2025-09-25 20:07:52,774] INFO [GroupCoordinator 1]: Resigned as the group coordinator for partition 41 in epoch OptionalInt[7] (kafka.coordinator.group.GroupCoordinator)
[2025-09-25 20:07:52,774] INFO [GroupMetadataManager brokerId=1] Scheduling unloading of offsets and group metadata from __consumer_offsets-41 (kafka.coordinator.group.GroupMetadataManager)
[2025-09-25 20:07:52,774] INFO [GroupCoordinator 1]: Resigned as the group coordinator for partition 24 in epoch OptionalInt[7] (kafka.coordinator.group.GroupCoordinator)
[2025-09-25 20:07:52,774] INFO [GroupMetadataManager brokerId=1] Scheduling unloading of offsets and group metadata from __consumer_offsets-24 (kafka.coordinator.group.GroupMetadataManager)
[2025-09-25 20:07:52,774] INFO [GroupCoordinator 1]: Resigned as the group coordinator for partition 20 in epoch OptionalInt[7] (kafka.coordinator.group.GroupCoordinator)
[2025-09-25 20:07:52,774] INFO [GroupMetadataManager brokerId=1] Scheduling unloading of offsets and group metadata from __consumer_offsets-20 (kafka.coordinator.group.GroupMetadataManager)
[2025-09-25 20:07:52,774] INFO [GroupCoordinator 1]: Resigned as the group coordinator for partition 49 in epoch OptionalInt[7] (kafka.coordinator.group.GroupCoordinator)
[2025-09-25 20:07:52,775] INFO [GroupMetadataManager brokerId=1] Scheduling unloading of offsets and group metadata from __consumer_offsets-49 (kafka.coordinator.group.GroupMetadataManager)
[2025-09-25 20:07:52,776] INFO [GroupMetadataManager brokerId=1] Finished unloading __consumer_offsets-13 for coordinator epoch OptionalInt[7]. Removed 0 cached offsets and 0 cached groups. (kafka.coordinator.group.GroupMetadataManager)
[2025-09-25 20:07:52,776] INFO [GroupMetadataManager brokerId=1] Finished unloading __consumer_offsets-46 for coordinator epoch OptionalInt[7]. Removed 0 cached offsets and 0 cached groups. (kafka.coordinator.group.GroupMetadataManager)
[2025-09-25 20:07:52,776] INFO [GroupMetadataManager brokerId=1] Finished unloading __consumer_offsets-9 for coordinator epoch OptionalInt[7]. Removed 0 cached offsets and 0 cached groups. (kafka.coordinator.group.GroupMetadataManager)
[2025-09-25 20:07:52,776] INFO [GroupCoordinator 1]: Resigned as the group coordinator for partition 0 in epoch OptionalInt[7] (kafka.coordinator.group.GroupCoordinator)
[2025-09-25 20:07:52,777] INFO [GroupMetadataManager brokerId=1] Scheduling unloading of offsets and group metadata from __consumer_offsets-0 (kafka.coordinator.group.GroupMetadataManager)
[2025-09-25 20:07:52,776] INFO [GroupMetadataManager brokerId=1] Finished unloading __consumer_offsets-42 for coordinator epoch OptionalInt[7]. Removed 0 cached offsets and 0 cached groups. (kafka.coordinator.group.GroupMetadataManager)
[2025-09-25 20:07:52,777] INFO [GroupMetadataManager brokerId=1] Finished unloading __consumer_offsets-21 for coordinator epoch OptionalInt[7]. Removed 0 cached offsets and 0 cached groups. (kafka.coordinator.group.GroupMetadataManager)
[2025-09-25 20:07:52,777] INFO [GroupCoordinator 1]: Resigned as the group coordinator for partition 29 in epoch OptionalInt[7] (kafka.coordinator.group.GroupCoordinator)
[2025-09-25 20:07:52,777] INFO [GroupMetadataManager brokerId=1] Finished unloading __consumer_offsets-17 for coordinator epoch OptionalInt[7]. Removed 0 cached offsets and 0 cached groups. (kafka.coordinator.group.GroupMetadataManager)
[2025-09-25 20:07:52,777] INFO [GroupMetadataManager brokerId=1] Finished unloading __consumer_offsets-30 for coordinator epoch OptionalInt[7]. Removed 0 cached offsets and 0 cached groups. (kafka.coordinator.group.GroupMetadataManager)
[2025-09-25 20:07:52,777] INFO [GroupMetadataManager brokerId=1] Scheduling unloading of offsets and group metadata from __consumer_offsets-29 (kafka.coordinator.group.GroupMetadataManager)
[2025-09-25 20:07:52,777] INFO [GroupCoordinator 1]: Resigned as the group coordinator for partition 25 in epoch OptionalInt[7] (kafka.coordinator.group.GroupCoordinator)
[2025-09-25 20:07:52,777] INFO [GroupMetadataManager brokerId=1] Scheduling unloading of offsets and group metadata from __consumer_offsets-25 (kafka.coordinator.group.GroupMetadataManager)
[2025-09-25 20:07:52,777] INFO [GroupMetadataManager brokerId=1] Finished unloading __consumer_offsets-26 for coordinator epoch OptionalInt[7]. Removed 0 cached offsets and 0 cached groups. (kafka.coordinator.group.GroupMetadataManager)
[2025-09-25 20:07:52,777] INFO [GroupMetadataManager brokerId=1] Finished unloading __consumer_offsets-5 for coordinator epoch OptionalInt[7]. Removed 0 cached offsets and 0 cached groups. (kafka.coordinator.group.GroupMetadataManager)
[2025-09-25 20:07:52,777] INFO [GroupCoordinator 1]: Resigned as the group coordinator for partition 8 in epoch OptionalInt[7] (kafka.coordinator.group.GroupCoordinator)
[2025-09-25 20:07:52,777] INFO [GroupMetadataManager brokerId=1] Scheduling unloading of offsets and group metadata from __consumer_offsets-8 (kafka.coordinator.group.GroupMetadataManager)
[2025-09-25 20:07:52,777] INFO [GroupCoordinator 1]: Resigned as the group coordinator for partition 37 in epoch OptionalInt[7] (kafka.coordinator.group.GroupCoordinator)
[2025-09-25 20:07:52,777] INFO [GroupMetadataManager brokerId=1] Scheduling unloading of offsets and group metadata from __consumer_offsets-37 (kafka.coordinator.group.GroupMetadataManager)
[2025-09-25 20:07:52,777] INFO [GroupMetadataManager brokerId=1] Finished unloading __consumer_offsets-38 for coordinator epoch OptionalInt[7]. Removed 0 cached offsets and 0 cached groups. (kafka.coordinator.group.GroupMetadataManager)
[2025-09-25 20:07:52,777] INFO [GroupMetadataManager brokerId=1] Finished unloading __consumer_offsets-1 for coordinator epoch OptionalInt[7]. Removed 0 cached offsets and 0 cached groups. (kafka.coordinator.group.GroupMetadataManager)
[2025-09-25 20:07:52,777] INFO [GroupCoordinator 1]: Resigned as the group coordinator for partition 4 in epoch OptionalInt[7] (kafka.coordinator.group.GroupCoordinator)
[2025-09-25 20:07:52,777] INFO [GroupMetadataManager brokerId=1] Scheduling unloading of offsets and group metadata from __consumer_offsets-4 (kafka.coordinator.group.GroupMetadataManager)
[2025-09-25 20:07:52,777] INFO [GroupCoordinator 1]: Resigned as the group coordinator for partition 33 in epoch OptionalInt[7] (kafka.coordinator.group.GroupCoordinator)
[2025-09-25 20:07:52,777] INFO [GroupMetadataManager brokerId=1] Scheduling unloading of offsets and group metadata from __consumer_offsets-33 (kafka.coordinator.group.GroupMetadataManager)
[2025-09-25 20:07:52,777] INFO [GroupCoordinator 1]: Resigned as the group coordinator for partition 15 in epoch OptionalInt[7] (kafka.coordinator.group.GroupCoordinator)
[2025-09-25 20:07:52,777] INFO [GroupMetadataManager brokerId=1] Scheduling unloading of offsets and group metadata from __consumer_offsets-15 (kafka.coordinator.group.GroupMetadataManager)
[2025-09-25 20:07:52,777] INFO [GroupMetadataManager brokerId=1] Finished unloading __consumer_offsets-34 for coordinator epoch OptionalInt[7]. Removed 0 cached offsets and 0 cached groups. (kafka.coordinator.group.GroupMetadataManager)
[2025-09-25 20:07:52,777] INFO [GroupCoordinator 1]: Resigned as the group coordinator for partition 48 in epoch OptionalInt[7] (kafka.coordinator.group.GroupCoordinator)
[2025-09-25 20:07:52,777] INFO [GroupMetadataManager brokerId=1] Scheduling unloading of offsets and group metadata from __consumer_offsets-48 (kafka.coordinator.group.GroupMetadataManager)
[2025-09-25 20:07:52,777] INFO [GroupCoordinator 1]: Resigned as the group coordinator for partition 11 in epoch OptionalInt[7] (kafka.coordinator.group.GroupCoordinator)
[2025-09-25 20:07:52,777] INFO [GroupMetadataManager brokerId=1] Scheduling unloading of offsets and group metadata from __consumer_offsets-11 (kafka.coordinator.group.GroupMetadataManager)
[2025-09-25 20:07:52,777] INFO [GroupCoordinator 1]: Resigned as the group coordinator for partition 44 in epoch OptionalInt[7] (kafka.coordinator.group.GroupCoordinator)
[2025-09-25 20:07:52,777] INFO [GroupMetadataManager brokerId=1] Scheduling unloading of offsets and group metadata from __consumer_offsets-44 (kafka.coordinator.group.GroupMetadataManager)
[2025-09-25 20:07:52,777] INFO [GroupCoordinator 1]: Resigned as the group coordinator for partition 23 in epoch OptionalInt[7] (kafka.coordinator.group.GroupCoordinator)
[2025-09-25 20:07:52,777] INFO [GroupMetadataManager brokerId=1] Scheduling unloading of offsets and group metadata from __consumer_offsets-23 (kafka.coordinator.group.GroupMetadataManager)
[2025-09-25 20:07:52,777] INFO [GroupCoordinator 1]: Resigned as the group coordinator for partition 19 in epoch OptionalInt[7] (kafka.coordinator.group.GroupCoordinator)
[2025-09-25 20:07:52,777] INFO [GroupMetadataManager brokerId=1] Scheduling unloading of offsets and group metadata from __consumer_offsets-19 (kafka.coordinator.group.GroupMetadataManager)
[2025-09-25 20:07:52,777] INFO [GroupCoordinator 1]: Resigned as the group coordinator for partition 32 in epoch OptionalInt[7] (kafka.coordinator.group.GroupCoordinator)
[2025-09-25 20:07:52,777] INFO [GroupMetadataManager brokerId=1] Scheduling unloading of offsets and group metadata from __consumer_offsets-32 (kafka.coordinator.group.GroupMetadataManager)
[2025-09-25 20:07:52,777] INFO [GroupCoordinator 1]: Resigned as the group coordinator for partition 28 in epoch OptionalInt[7] (kafka.coordinator.group.GroupCoordinator)
[2025-09-25 20:07:52,777] INFO [GroupMetadataManager brokerId=1] Scheduling unloading of offsets and group metadata from __consumer_offsets-28 (kafka.coordinator.group.GroupMetadataManager)
[2025-09-25 20:07:52,777] INFO [GroupCoordinator 1]: Resigned as the group coordinator for partition 7 in epoch OptionalInt[7] (kafka.coordinator.group.GroupCoordinator)
[2025-09-25 20:07:52,777] INFO [GroupMetadataManager brokerId=1] Finished unloading __consumer_offsets-16 for coordinator epoch OptionalInt[7]. Removed 0 cached offsets and 0 cached groups. (kafka.coordinator.group.GroupMetadataManager)
[2025-09-25 20:07:52,777] INFO [GroupMetadataManager brokerId=1] Finished unloading __consumer_offsets-45 for coordinator epoch OptionalInt[7]. Removed 0 cached offsets and 0 cached groups. (kafka.coordinator.group.GroupMetadataManager)
[2025-09-25 20:07:52,777] INFO [GroupMetadataManager brokerId=1] Scheduling unloading of offsets and group metadata from __consumer_offsets-7 (kafka.coordinator.group.GroupMetadataManager)
[2025-09-25 20:07:52,777] INFO [GroupCoordinator 1]: Resigned as the group coordinator for partition 40 in epoch OptionalInt[7] (kafka.coordinator.group.GroupCoordinator)
[2025-09-25 20:07:52,777] INFO [GroupMetadataManager brokerId=1] Scheduling unloading of offsets and group metadata from __consumer_offsets-40 (kafka.coordinator.group.GroupMetadataManager)
[2025-09-25 20:07:52,777] INFO [GroupMetadataManager brokerId=1] Finished unloading __consumer_offsets-12 for coordinator epoch OptionalInt[7]. Removed 0 cached offsets and 0 cached groups. (kafka.coordinator.group.GroupMetadataManager)
[2025-09-25 20:07:52,777] INFO [GroupCoordinator 1]: Resigned as the group coordinator for partition 3 in epoch OptionalInt[7] (kafka.coordinator.group.GroupCoordinator)
[2025-09-25 20:07:52,777] INFO [GroupMetadataManager brokerId=1] Finished unloading __consumer_offsets-41 for coordinator epoch OptionalInt[7]. Removed 0 cached offsets and 0 cached groups. (kafka.coordinator.group.GroupMetadataManager)
[2025-09-25 20:07:52,777] INFO [GroupMetadataManager brokerId=1] Finished unloading __consumer_offsets-24 for coordinator epoch OptionalInt[7]. Removed 0 cached offsets and 0 cached groups. (kafka.coordinator.group.GroupMetadataManager)
[2025-09-25 20:07:52,777] INFO [GroupMetadataManager brokerId=1] Scheduling unloading of offsets and group metadata from __consumer_offsets-3 (kafka.coordinator.group.GroupMetadataManager)
[2025-09-25 20:07:52,778] INFO [GroupMetadataManager brokerId=1] Finished unloading __consumer_offsets-20 for coordinator epoch OptionalInt[7]. Removed 0 cached offsets and 0 cached groups. (kafka.coordinator.group.GroupMetadataManager)
[2025-09-25 20:07:52,778] INFO [GroupCoordinator 1]: Resigned as the group coordinator for partition 36 in epoch OptionalInt[7] (kafka.coordinator.group.GroupCoordinator)
[2025-09-25 20:07:52,778] INFO [GroupMetadataManager brokerId=1] Scheduling unloading of offsets and group metadata from __consumer_offsets-36 (kafka.coordinator.group.GroupMetadataManager)
[2025-09-25 20:07:52,778] INFO [GroupCoordinator 1]: Resigned as the group coordinator for partition 47 in epoch OptionalInt[7] (kafka.coordinator.group.GroupCoordinator)
[2025-09-25 20:07:52,778] INFO [GroupMetadataManager brokerId=1] Scheduling unloading of offsets and group metadata from __consumer_offsets-47 (kafka.coordinator.group.GroupMetadataManager)
[2025-09-25 20:07:52,779] INFO [GroupCoordinator 1]: Resigned as the group coordinator for partition 14 in epoch OptionalInt[7] (kafka.coordinator.group.GroupCoordinator)
[2025-09-25 20:07:52,779] INFO [GroupMetadataManager brokerId=1] Scheduling unloading of offsets and group metadata from __consumer_offsets-14 (kafka.coordinator.group.GroupMetadataManager)
[2025-09-25 20:07:52,779] INFO [GroupMetadataManager brokerId=1] Finished unloading __consumer_offsets-49 for coordinator epoch OptionalInt[7]. Removed 0 cached offsets and 0 cached groups. (kafka.coordinator.group.GroupMetadataManager)
[2025-09-25 20:07:52,779] INFO [GroupCoordinator 1]: Resigned as the group coordinator for partition 43 in epoch OptionalInt[7] (kafka.coordinator.group.GroupCoordinator)
[2025-09-25 20:07:52,779] INFO [GroupMetadataManager brokerId=1] Finished unloading __consumer_offsets-0 for coordinator epoch OptionalInt[7]. Removed 0 cached offsets and 0 cached groups. (kafka.coordinator.group.GroupMetadataManager)
[2025-09-25 20:07:52,779] INFO [GroupMetadataManager brokerId=1] Scheduling unloading of offsets and group metadata from __consumer_offsets-43 (kafka.coordinator.group.GroupMetadataManager)
[2025-09-25 20:07:52,779] INFO [GroupMetadataManager brokerId=1] Finished unloading __consumer_offsets-29 for coordinator epoch OptionalInt[7]. Removed 0 cached offsets and 0 cached groups. (kafka.coordinator.group.GroupMetadataManager)
[2025-09-25 20:07:52,779] INFO [GroupCoordinator 1]: Resigned as the group coordinator for partition 10 in epoch OptionalInt[7] (kafka.coordinator.group.GroupCoordinator)
[2025-09-25 20:07:52,779] INFO [GroupMetadataManager brokerId=1] Finished unloading __consumer_offsets-25 for coordinator epoch OptionalInt[7]. Removed 0 cached offsets and 0 cached groups. (kafka.coordinator.group.GroupMetadataManager)
[2025-09-25 20:07:52,779] INFO [GroupMetadataManager brokerId=1] Scheduling unloading of offsets and group metadata from __consumer_offsets-10 (kafka.coordinator.group.GroupMetadataManager)
[2025-09-25 20:07:52,779] INFO [GroupMetadataManager brokerId=1] Finished unloading __consumer_offsets-8 for coordinator epoch OptionalInt[7]. Removed 0 cached offsets and 0 cached groups. (kafka.coordinator.group.GroupMetadataManager)
[2025-09-25 20:07:52,780] INFO [GroupCoordinator 1]: Resigned as the group coordinator for partition 22 in epoch OptionalInt[7] (kafka.coordinator.group.GroupCoordinator)
[2025-09-25 20:07:52,780] INFO [GroupMetadataManager brokerId=1] Finished unloading __consumer_offsets-37 for coordinator epoch OptionalInt[7]. Removed 0 cached offsets and 0 cached groups. (kafka.coordinator.group.GroupMetadataManager)
[2025-09-25 20:07:52,780] INFO [GroupMetadataManager brokerId=1] Finished unloading __consumer_offsets-4 for coordinator epoch OptionalInt[7]. Removed 0 cached offsets and 0 cached groups. (kafka.coordinator.group.GroupMetadataManager)
[2025-09-25 20:07:52,780] INFO [GroupMetadataManager brokerId=1] Finished unloading __consumer_offsets-33 for coordinator epoch OptionalInt[7]. Removed 0 cached offsets and 0 cached groups. (kafka.coordinator.group.GroupMetadataManager)
[2025-09-25 20:07:52,780] INFO [GroupMetadataManager brokerId=1] Scheduling unloading of offsets and group metadata from __consumer_offsets-22 (kafka.coordinator.group.GroupMetadataManager)
[2025-09-25 20:07:52,780] INFO [GroupMetadataManager brokerId=1] Finished unloading __consumer_offsets-15 for coordinator epoch OptionalInt[7]. Removed 0 cached offsets and 0 cached groups. (kafka.coordinator.group.GroupMetadataManager)
[2025-09-25 20:07:52,780] INFO [GroupMetadataManager brokerId=1] Finished unloading __consumer_offsets-48 for coordinator epoch OptionalInt[7]. Removed 0 cached offsets and 0 cached groups. (kafka.coordinator.group.GroupMetadataManager)
[2025-09-25 20:07:52,780] INFO [GroupCoordinator 1]: Resigned as the group coordinator for partition 18 in epoch OptionalInt[7] (kafka.coordinator.group.GroupCoordinator)
[2025-09-25 20:07:52,780] INFO [GroupMetadataManager brokerId=1] Scheduling unloading of offsets and group metadata from __consumer_offsets-18 (kafka.coordinator.group.GroupMetadataManager)
[2025-09-25 20:07:52,780] INFO [GroupCoordinator 1]: Resigned as the group coordinator for partition 31 in epoch OptionalInt[7] (kafka.coordinator.group.GroupCoordinator)
[2025-09-25 20:07:52,780] INFO [GroupMetadataManager brokerId=1] Scheduling unloading of offsets and group metadata from __consumer_offsets-31 (kafka.coordinator.group.GroupMetadataManager)
[2025-09-25 20:07:52,780] INFO [GroupCoordinator 1]: Resigned as the group coordinator for partition 27 in epoch OptionalInt[7] (kafka.coordinator.group.GroupCoordinator)
[2025-09-25 20:07:52,780] INFO [GroupMetadataManager brokerId=1] Scheduling unloading of offsets and group metadata from __consumer_offsets-27 (kafka.coordinator.group.GroupMetadataManager)
[2025-09-25 20:07:52,780] INFO [GroupCoordinator 1]: Resigned as the group coordinator for partition 39 in epoch OptionalInt[7] (kafka.coordinator.group.GroupCoordinator)
[2025-09-25 20:07:52,780] INFO [GroupMetadataManager brokerId=1] Scheduling unloading of offsets and group metadata from __consumer_offsets-39 (kafka.coordinator.group.GroupMetadataManager)
[2025-09-25 20:07:52,780] INFO [GroupMetadataManager brokerId=1] Finished unloading __consumer_offsets-11 for coordinator epoch OptionalInt[7]. Removed 0 cached offsets and 0 cached groups. (kafka.coordinator.group.GroupMetadataManager)
[2025-09-25 20:07:52,780] INFO [GroupMetadataManager brokerId=1] Finished unloading __consumer_offsets-44 for coordinator epoch OptionalInt[7]. Removed 0 cached offsets and 0 cached groups. (kafka.coordinator.group.GroupMetadataManager)
[2025-09-25 20:07:52,780] INFO [GroupCoordinator 1]: Resigned as the group coordinator for partition 6 in epoch OptionalInt[7] (kafka.coordinator.group.GroupCoordinator)
[2025-09-25 20:07:52,780] INFO [GroupMetadataManager brokerId=1] Finished unloading __consumer_offsets-23 for coordinator epoch OptionalInt[7]. Removed 0 cached offsets and 0 cached groups. (kafka.coordinator.group.GroupMetadataManager)
[2025-09-25 20:07:52,780] INFO [GroupMetadataManager brokerId=1] Finished unloading __consumer_offsets-19 for coordinator epoch OptionalInt[7]. Removed 0 cached offsets and 0 cached groups. (kafka.coordinator.group.GroupMetadataManager)
[2025-09-25 20:07:52,780] INFO [GroupMetadataManager brokerId=1] Scheduling unloading of offsets and group metadata from __consumer_offsets-6 (kafka.coordinator.group.GroupMetadataManager)
[2025-09-25 20:07:52,780] INFO [GroupMetadataManager brokerId=1] Finished unloading __consumer_offsets-32 for coordinator epoch OptionalInt[7]. Removed 0 cached offsets and 0 cached groups. (kafka.coordinator.group.GroupMetadataManager)
[2025-09-25 20:07:52,780] INFO [GroupCoordinator 1]: Resigned as the group coordinator for partition 35 in epoch OptionalInt[7] (kafka.coordinator.group.GroupCoordinator)
[2025-09-25 20:07:52,780] INFO [GroupMetadataManager brokerId=1] Scheduling unloading of offsets and group metadata from __consumer_offsets-35 (kafka.coordinator.group.GroupMetadataManager)
[2025-09-25 20:07:52,780] INFO [GroupMetadataManager brokerId=1] Finished unloading __consumer_offsets-28 for coordinator epoch OptionalInt[7]. Removed 0 cached offsets and 0 cached groups. (kafka.coordinator.group.GroupMetadataManager)
[2025-09-25 20:07:52,780] INFO [GroupCoordinator 1]: Resigned as the group coordinator for partition 2 in epoch OptionalInt[7] (kafka.coordinator.group.GroupCoordinator)
[2025-09-25 20:07:52,780] INFO [GroupMetadataManager brokerId=1] Scheduling unloading of offsets and group metadata from __consumer_offsets-2 (kafka.coordinator.group.GroupMetadataManager)
[2025-09-25 20:07:52,780] INFO [GroupMetadataManager brokerId=1] Finished unloading __consumer_offsets-7 for coordinator epoch OptionalInt[7]. Removed 0 cached offsets and 0 cached groups. (kafka.coordinator.group.GroupMetadataManager)
[2025-09-25 20:07:52,780] INFO [GroupMetadataManager brokerId=1] Finished unloading __consumer_offsets-40 for coordinator epoch OptionalInt[7]. Removed 0 cached offsets and 0 cached groups. (kafka.coordinator.group.GroupMetadataManager)
[2025-09-25 20:07:52,780] INFO [GroupMetadataManager brokerId=1] Finished unloading __consumer_offsets-3 for coordinator epoch OptionalInt[7]. Removed 0 cached offsets and 0 cached groups. (kafka.coordinator.group.GroupMetadataManager)
[2025-09-25 20:07:52,780] INFO [GroupMetadataManager brokerId=1] Finished unloading __consumer_offsets-36 for coordinator epoch OptionalInt[7]. Removed 0 cached offsets and 0 cached groups. (kafka.coordinator.group.GroupMetadataManager)
[2025-09-25 20:07:52,780] INFO [GroupMetadataManager brokerId=1] Finished unloading __consumer_offsets-47 for coordinator epoch OptionalInt[7]. Removed 0 cached offsets and 0 cached groups. (kafka.coordinator.group.GroupMetadataManager)
[2025-09-25 20:07:52,781] INFO [GroupMetadataManager brokerId=1] Finished unloading __consumer_offsets-14 for coordinator epoch OptionalInt[7]. Removed 0 cached offsets and 0 cached groups. (kafka.coordinator.group.GroupMetadataManager)
[2025-09-25 20:07:52,782] INFO [GroupMetadataManager brokerId=1] Finished unloading __consumer_offsets-43 for coordinator epoch OptionalInt[7]. Removed 0 cached offsets and 0 cached groups. (kafka.coordinator.group.GroupMetadataManager)
[2025-09-25 20:07:52,782] INFO [GroupMetadataManager brokerId=1] Finished unloading __consumer_offsets-10 for coordinator epoch OptionalInt[7]. Removed 0 cached offsets and 0 cached groups. (kafka.coordinator.group.GroupMetadataManager)
[2025-09-25 20:07:52,782] INFO [GroupMetadataManager brokerId=1] Finished unloading __consumer_offsets-22 for coordinator epoch OptionalInt[7]. Removed 0 cached offsets and 0 cached groups. (kafka.coordinator.group.GroupMetadataManager)
[2025-09-25 20:07:52,782] INFO [GroupMetadataManager brokerId=1] Finished unloading __consumer_offsets-18 for coordinator epoch OptionalInt[7]. Removed 0 cached offsets and 0 cached groups. (kafka.coordinator.group.GroupMetadataManager)
[2025-09-25 20:07:52,782] INFO [GroupMetadataManager brokerId=1] Finished unloading __consumer_offsets-31 for coordinator epoch OptionalInt[7]. Removed 0 cached offsets and 0 cached groups. (kafka.coordinator.group.GroupMetadataManager)
[2025-09-25 20:07:52,782] INFO [GroupMetadataManager brokerId=1] Finished unloading __consumer_offsets-27 for coordinator epoch OptionalInt[7]. Removed 0 cached offsets and 0 cached groups. (kafka.coordinator.group.GroupMetadataManager)
[2025-09-25 20:07:52,782] INFO [GroupMetadataManager brokerId=1] Finished unloading __consumer_offsets-39 for coordinator epoch OptionalInt[7]. Removed 0 cached offsets and 0 cached groups. (kafka.coordinator.group.GroupMetadataManager)
[2025-09-25 20:07:52,782] INFO [GroupMetadataManager brokerId=1] Finished unloading __consumer_offsets-6 for coordinator epoch OptionalInt[7]. Removed 0 cached offsets and 0 cached groups. (kafka.coordinator.group.GroupMetadataManager)
[2025-09-25 20:07:52,782] INFO [GroupMetadataManager brokerId=1] Finished unloading __consumer_offsets-35 for coordinator epoch OptionalInt[7]. Removed 0 cached offsets and 0 cached groups. (kafka.coordinator.group.GroupMetadataManager)
[2025-09-25 20:07:52,782] INFO [GroupMetadataManager brokerId=1] Finished unloading __consumer_offsets-2 for coordinator epoch OptionalInt[7]. Removed 0 cached offsets and 0 cached groups. (kafka.coordinator.group.GroupMetadataManager)
[2025-09-25 20:07:52,786] INFO [DynamicConfigPublisher broker id=1] Updating topic __consumer_offsets with new configuration : compression.type -> producer,cleanup.policy -> compact,segment.bytes -> 104857600 (kafka.server.metadata.DynamicConfigPublisher)
[2025-09-25 20:07:52,812] INFO [BrokerLifecycleManager id=1] The broker has caught up. Transitioning from STARTING to RECOVERY. (kafka.server.BrokerLifecycleManager)
[2025-09-25 20:07:52,812] INFO [BrokerServer id=1] Finished waiting for the controller to acknowledge that we are caught up (kafka.server.BrokerServer)
[2025-09-25 20:07:52,813] INFO [BrokerServer id=1] Waiting for the initial broker metadata update to be published (kafka.server.BrokerServer)
[2025-09-25 20:07:52,813] INFO [BrokerServer id=1] Finished waiting for the initial broker metadata update to be published (kafka.server.BrokerServer)
[2025-09-25 20:07:52,819] INFO KafkaConfig values: 
	advertised.listeners = PLAINTEXT://localhost:9092
	alter.config.policy.class.name = null
	alter.log.dirs.replication.quota.window.num = 11
	alter.log.dirs.replication.quota.window.size.seconds = 1
	authorizer.class.name = 
	auto.create.topics.enable = true
	auto.include.jmx.reporter = true
	auto.leader.rebalance.enable = true
	background.threads = 10
	broker.heartbeat.interval.ms = 2000
	broker.id = 1
	broker.id.generation.enable = true
	broker.rack = null
	broker.session.timeout.ms = 9000
	client.quota.callback.class = null
	compression.type = producer
	connection.failed.authentication.delay.ms = 100
	connections.max.idle.ms = 600000
	connections.max.reauth.ms = 0
	control.plane.listener.name = null
	controlled.shutdown.enable = true
	controlled.shutdown.max.retries = 3
	controlled.shutdown.retry.backoff.ms = 5000
	controller.listener.names = CONTROLLER
	controller.quorum.append.linger.ms = 25
	controller.quorum.election.backoff.max.ms = 1000
	controller.quorum.election.timeout.ms = 1000
	controller.quorum.fetch.timeout.ms = 2000
	controller.quorum.request.timeout.ms = 2000
	controller.quorum.retry.backoff.ms = 20
	controller.quorum.voters = [1@localhost:9093]
	controller.quota.window.num = 11
	controller.quota.window.size.seconds = 1
	controller.socket.timeout.ms = 30000
	create.topic.policy.class.name = null
	default.replication.factor = 1
	delegation.token.expiry.check.interval.ms = 3600000
	delegation.token.expiry.time.ms = 86400000
	delegation.token.master.key = null
	delegation.token.max.lifetime.ms = 604800000
	delegation.token.secret.key = null
	delete.records.purgatory.purge.interval.requests = 1
	delete.topic.enable = true
	early.start.listeners = null
	fetch.max.bytes = 57671680
	fetch.purgatory.purge.interval.requests = 1000
	group.consumer.assignors = [org.apache.kafka.coordinator.group.assignor.RangeAssignor]
	group.consumer.heartbeat.interval.ms = 5000
	group.consumer.max.heartbeat.interval.ms = 15000
	group.consumer.max.session.timeout.ms = 60000
	group.consumer.max.size = 2147483647
	group.consumer.min.heartbeat.interval.ms = 5000
	group.consumer.min.session.timeout.ms = 45000
	group.consumer.session.timeout.ms = 45000
	group.coordinator.new.enable = false
	group.coordinator.threads = 1
	group.initial.rebalance.delay.ms = 3000
	group.max.session.timeout.ms = 1800000
	group.max.size = 2147483647
	group.min.session.timeout.ms = 6000
	initial.broker.registration.timeout.ms = 60000
	inter.broker.listener.name = PLAINTEXT
	inter.broker.protocol.version = 3.6-IV2
	kafka.metrics.polling.interval.secs = 10
	kafka.metrics.reporters = []
	leader.imbalance.check.interval.seconds = 300
	leader.imbalance.per.broker.percentage = 10
	listener.security.protocol.map = CONTROLLER:PLAINTEXT,PLAINTEXT:PLAINTEXT,SSL:SSL,SASL_PLAINTEXT:SASL_PLAINTEXT,SASL_SSL:SASL_SSL
	listeners = PLAINTEXT://:9092,CONTROLLER://:9093
	log.cleaner.backoff.ms = 15000
	log.cleaner.dedupe.buffer.size = 134217728
	log.cleaner.delete.retention.ms = 86400000
	log.cleaner.enable = true
	log.cleaner.io.buffer.load.factor = 0.9
	log.cleaner.io.buffer.size = 524288
	log.cleaner.io.max.bytes.per.second = 1.7976931348623157E308
	log.cleaner.max.compaction.lag.ms = 9223372036854775807
	log.cleaner.min.cleanable.ratio = 0.5
	log.cleaner.min.compaction.lag.ms = 0
	log.cleaner.threads = 1
	log.cleanup.policy = [delete]
	log.dir = /tmp/kafka-logs
	log.dirs = /tmp/kraft-combined-logs
	log.flush.interval.messages = 9223372036854775807
	log.flush.interval.ms = null
	log.flush.offset.checkpoint.interval.ms = 60000
	log.flush.scheduler.interval.ms = 9223372036854775807
	log.flush.start.offset.checkpoint.interval.ms = 60000
	log.index.interval.bytes = 4096
	log.index.size.max.bytes = 10485760
	log.local.retention.bytes = -2
	log.local.retention.ms = -2
	log.message.downconversion.enable = true
	log.message.format.version = 3.0-IV1
	log.message.timestamp.after.max.ms = 9223372036854775807
	log.message.timestamp.before.max.ms = 9223372036854775807
	log.message.timestamp.difference.max.ms = 9223372036854775807
	log.message.timestamp.type = CreateTime
	log.preallocate = false
	log.retention.bytes = -1
	log.retention.check.interval.ms = 300000
	log.retention.hours = 168
	log.retention.minutes = null
	log.retention.ms = null
	log.roll.hours = 168
	log.roll.jitter.hours = 0
	log.roll.jitter.ms = null
	log.roll.ms = null
	log.segment.bytes = 1073741824
	log.segment.delete.delay.ms = 60000
	max.connection.creation.rate = 2147483647
	max.connections = 2147483647
	max.connections.per.ip = 2147483647
	max.connections.per.ip.overrides = 
	max.incremental.fetch.session.cache.slots = 1000
	message.max.bytes = 1048588
	metadata.log.dir = null
	metadata.log.max.record.bytes.between.snapshots = 20971520
	metadata.log.max.snapshot.interval.ms = 3600000
	metadata.log.segment.bytes = 1073741824
	metadata.log.segment.min.bytes = 8388608
	metadata.log.segment.ms = 604800000
	metadata.max.idle.interval.ms = 500
	metadata.max.retention.bytes = 104857600
	metadata.max.retention.ms = 604800000
	metric.reporters = []
	metrics.num.samples = 2
	metrics.recording.level = INFO
	metrics.sample.window.ms = 30000
	min.insync.replicas = 1
	node.id = 1
	num.io.threads = 8
	num.network.threads = 3
	num.partitions = 1
	num.recovery.threads.per.data.dir = 1
	num.replica.alter.log.dirs.threads = null
	num.replica.fetchers = 1
	offset.metadata.max.bytes = 4096
	offsets.commit.required.acks = -1
	offsets.commit.timeout.ms = 5000
	offsets.load.buffer.size = 5242880
	offsets.retention.check.interval.ms = 600000
	offsets.retention.minutes = 10080
	offsets.topic.compression.codec = 0
	offsets.topic.num.partitions = 50
	offsets.topic.replication.factor = 1
	offsets.topic.segment.bytes = 104857600
	password.encoder.cipher.algorithm = AES/CBC/PKCS5Padding
	password.encoder.iterations = 4096
	password.encoder.key.length = 128
	password.encoder.keyfactory.algorithm = null
	password.encoder.old.secret = null
	password.encoder.secret = null
	principal.builder.class = class org.apache.kafka.common.security.authenticator.DefaultKafkaPrincipalBuilder
	process.roles = [broker, controller]
	producer.id.expiration.check.interval.ms = 600000
	producer.id.expiration.ms = 86400000
	producer.purgatory.purge.interval.requests = 1000
	queued.max.request.bytes = -1
	queued.max.requests = 500
	quota.window.num = 11
	quota.window.size.seconds = 1
	remote.log.index.file.cache.total.size.bytes = 1073741824
	remote.log.manager.task.interval.ms = 30000
	remote.log.manager.task.retry.backoff.max.ms = 30000
	remote.log.manager.task.retry.backoff.ms = 500
	remote.log.manager.task.retry.jitter = 0.2
	remote.log.manager.thread.pool.size = 10
	remote.log.metadata.custom.metadata.max.bytes = 128
	remote.log.metadata.manager.class.name = org.apache.kafka.server.log.remote.metadata.storage.TopicBasedRemoteLogMetadataManager
	remote.log.metadata.manager.class.path = null
	remote.log.metadata.manager.impl.prefix = rlmm.config.
	remote.log.metadata.manager.listener.name = null
	remote.log.reader.max.pending.tasks = 100
	remote.log.reader.threads = 10
	remote.log.storage.manager.class.name = null
	remote.log.storage.manager.class.path = null
	remote.log.storage.manager.impl.prefix = rsm.config.
	remote.log.storage.system.enable = false
	replica.fetch.backoff.ms = 1000
	replica.fetch.max.bytes = 1048576
	replica.fetch.min.bytes = 1
	replica.fetch.response.max.bytes = 10485760
	replica.fetch.wait.max.ms = 500
	replica.high.watermark.checkpoint.interval.ms = 5000
	replica.lag.time.max.ms = 30000
	replica.selector.class = null
	replica.socket.receive.buffer.bytes = 65536
	replica.socket.timeout.ms = 30000
	replication.quota.window.num = 11
	replication.quota.window.size.seconds = 1
	request.timeout.ms = 30000
	reserved.broker.max.id = 1000
	sasl.client.callback.handler.class = null
	sasl.enabled.mechanisms = [GSSAPI]
	sasl.jaas.config = null
	sasl.kerberos.kinit.cmd = /usr/bin/kinit
	sasl.kerberos.min.time.before.relogin = 60000
	sasl.kerberos.principal.to.local.rules = [DEFAULT]
	sasl.kerberos.service.name = null
	sasl.kerberos.ticket.renew.jitter = 0.05
	sasl.kerberos.ticket.renew.window.factor = 0.8
	sasl.login.callback.handler.class = null
	sasl.login.class = null
	sasl.login.connect.timeout.ms = null
	sasl.login.read.timeout.ms = null
	sasl.login.refresh.buffer.seconds = 300
	sasl.login.refresh.min.period.seconds = 60
	sasl.login.refresh.window.factor = 0.8
	sasl.login.refresh.window.jitter = 0.05
	sasl.login.retry.backoff.max.ms = 10000
	sasl.login.retry.backoff.ms = 100
	sasl.mechanism.controller.protocol = GSSAPI
	sasl.mechanism.inter.broker.protocol = GSSAPI
	sasl.oauthbearer.clock.skew.seconds = 30
	sasl.oauthbearer.expected.audience = null
	sasl.oauthbearer.expected.issuer = null
	sasl.oauthbearer.jwks.endpoint.refresh.ms = 3600000
	sasl.oauthbearer.jwks.endpoint.retry.backoff.max.ms = 10000
	sasl.oauthbearer.jwks.endpoint.retry.backoff.ms = 100
	sasl.oauthbearer.jwks.endpoint.url = null
	sasl.oauthbearer.scope.claim.name = scope
	sasl.oauthbearer.sub.claim.name = sub
	sasl.oauthbearer.token.endpoint.url = null
	sasl.server.callback.handler.class = null
	sasl.server.max.receive.size = 524288
	security.inter.broker.protocol = PLAINTEXT
	security.providers = null
	server.max.startup.time.ms = 9223372036854775807
	socket.connection.setup.timeout.max.ms = 30000
	socket.connection.setup.timeout.ms = 10000
	socket.listen.backlog.size = 50
	socket.receive.buffer.bytes = 102400
	socket.request.max.bytes = 104857600
	socket.send.buffer.bytes = 102400
	ssl.cipher.suites = []
	ssl.client.auth = none
	ssl.enabled.protocols = [TLSv1.2, TLSv1.3]
	ssl.endpoint.identification.algorithm = https
	ssl.engine.factory.class = null
	ssl.key.password = null
	ssl.keymanager.algorithm = SunX509
	ssl.keystore.certificate.chain = null
	ssl.keystore.key = null
	ssl.keystore.location = null
	ssl.keystore.password = null
	ssl.keystore.type = JKS
	ssl.principal.mapping.rules = DEFAULT
	ssl.protocol = TLSv1.3
	ssl.provider = null
	ssl.secure.random.implementation = null
	ssl.trustmanager.algorithm = PKIX
	ssl.truststore.certificates = null
	ssl.truststore.location = null
	ssl.truststore.password = null
	ssl.truststore.type = JKS
	transaction.abort.timed.out.transaction.cleanup.interval.ms = 10000
	transaction.max.timeout.ms = 900000
	transaction.partition.verification.enable = true
	transaction.remove.expired.transaction.cleanup.interval.ms = 3600000
	transaction.state.log.load.buffer.size = 5242880
	transaction.state.log.min.isr = 1
	transaction.state.log.num.partitions = 50
	transaction.state.log.replication.factor = 1
	transaction.state.log.segment.bytes = 104857600
	transactional.id.expiration.ms = 604800000
	unclean.leader.election.enable = false
	unstable.api.versions.enable = false
	zookeeper.clientCnxnSocket = null
	zookeeper.connect = null
	zookeeper.connection.timeout.ms = null
	zookeeper.max.in.flight.requests = 10
	zookeeper.metadata.migration.enable = false
	zookeeper.session.timeout.ms = 18000
	zookeeper.set.acl = false
	zookeeper.ssl.cipher.suites = null
	zookeeper.ssl.client.enable = false
	zookeeper.ssl.crl.enable = false
	zookeeper.ssl.enabled.protocols = null
	zookeeper.ssl.endpoint.identification.algorithm = HTTPS
	zookeeper.ssl.keystore.location = null
	zookeeper.ssl.keystore.password = null
	zookeeper.ssl.keystore.type = null
	zookeeper.ssl.ocsp.enable = false
	zookeeper.ssl.protocol = TLSv1.2
	zookeeper.ssl.truststore.location = null
	zookeeper.ssl.truststore.password = null
	zookeeper.ssl.truststore.type = null
 (kafka.server.KafkaConfig)
[2025-09-25 20:07:52,827] INFO [BrokerLifecycleManager id=1] The broker is in RECOVERY. (kafka.server.BrokerLifecycleManager)
[2025-09-25 20:07:52,828] INFO [BrokerServer id=1] Waiting for the broker to be unfenced (kafka.server.BrokerServer)
[2025-09-25 20:07:52,890] INFO [BrokerLifecycleManager id=1] The broker has been unfenced. Transitioning from RECOVERY to RUNNING. (kafka.server.BrokerLifecycleManager)
[2025-09-25 20:07:52,892] INFO [BrokerServer id=1] Finished waiting for the broker to be unfenced (kafka.server.BrokerServer)
[2025-09-25 20:07:52,892] INFO authorizerStart completed for endpoint PLAINTEXT. Endpoint is now READY. (org.apache.kafka.server.network.EndpointReadyFutures)
[2025-09-25 20:07:52,893] INFO [SocketServer listenerType=BROKER, nodeId=1] Enabling request processing. (kafka.network.SocketServer)
[2025-09-25 20:07:52,893] INFO [ReplicaFetcherManager on broker 1] Removed fetcher for partitions Set(__consumer_offsets-13, __consumer_offsets-46, __consumer_offsets-9, __consumer_offsets-42, __consumer_offsets-21, __consumer_offsets-17, __consumer_offsets-30, __consumer_offsets-26, __consumer_offsets-5, __consumer_offsets-38, __consumer_offsets-1, __consumer_offsets-34, __consumer_offsets-16, __consumer_offsets-45, __consumer_offsets-12, __consumer_offsets-41, __consumer_offsets-24, __consumer_offsets-20, __consumer_offsets-49, __consumer_offsets-0, __consumer_offsets-29, __consumer_offsets-25, __consumer_offsets-8, __consumer_offsets-37, __consumer_offsets-4, __consumer_offsets-33, __consumer_offsets-15, __consumer_offsets-48, __consumer_offsets-11, __consumer_offsets-44, __consumer_offsets-23, __consumer_offsets-19, __consumer_offsets-32, __consumer_offsets-28, __consumer_offsets-7, __consumer_offsets-40, empleados-creado-0, __consumer_offsets-3, __consumer_offsets-36, __consumer_offsets-47, __consumer_offsets-14, __consumer_offsets-43, empleados-creados-0, __consumer_offsets-10, __consumer_offsets-22, __consumer_offsets-18, __consumer_offsets-31, __consumer_offsets-27, empleados-actualizados-0, empleados-eliminados-0, __consumer_offsets-39, __consumer_offsets-6, __consumer_offsets-35, __consumer_offsets-2) (kafka.server.ReplicaFetcherManager)
[2025-09-25 20:07:52,893] INFO Awaiting socket connections on 0.0.0.0:9092. (kafka.network.DataPlaneAcceptor)
[2025-09-25 20:07:52,894] INFO [BrokerServer id=1] Waiting for all of the authorizer futures to be completed (kafka.server.BrokerServer)
[2025-09-25 20:07:52,894] INFO [BrokerServer id=1] Finished waiting for all of the authorizer futures to be completed (kafka.server.BrokerServer)
[2025-09-25 20:07:52,894] INFO [BrokerServer id=1] Waiting for all of the SocketServer Acceptors to be started (kafka.server.BrokerServer)
[2025-09-25 20:07:52,894] INFO [BrokerServer id=1] Finished waiting for all of the SocketServer Acceptors to be started (kafka.server.BrokerServer)
[2025-09-25 20:07:52,894] INFO [BrokerServer id=1] Transition from STARTING to STARTED (kafka.server.BrokerServer)
[2025-09-25 20:07:52,896] INFO Kafka version: 3.6.1 (org.apache.kafka.common.utils.AppInfoParser)
[2025-09-25 20:07:52,897] INFO Kafka commitId: 5e3c2b738d253ff5 (org.apache.kafka.common.utils.AppInfoParser)
[2025-09-25 20:07:52,897] INFO Kafka startTimeMs: 1758852472894 (org.apache.kafka.common.utils.AppInfoParser)
[2025-09-25 20:07:52,906] INFO [KafkaRaftServer nodeId=1] Kafka Server started (kafka.server.KafkaRaftServer)
[2025-09-25 20:07:53,197] INFO [GroupCoordinator 1]: Elected as the group coordinator for partition 13 in epoch 8 (kafka.coordinator.group.GroupCoordinator)
[2025-09-25 20:07:53,201] INFO [GroupMetadataManager brokerId=1] Scheduling loading of offsets and group metadata from __consumer_offsets-13 for epoch 8 (kafka.coordinator.group.GroupMetadataManager)
[2025-09-25 20:07:53,205] INFO [GroupCoordinator 1]: Elected as the group coordinator for partition 46 in epoch 8 (kafka.coordinator.group.GroupCoordinator)
[2025-09-25 20:07:53,205] INFO [GroupMetadataManager brokerId=1] Scheduling loading of offsets and group metadata from __consumer_offsets-46 for epoch 8 (kafka.coordinator.group.GroupMetadataManager)
[2025-09-25 20:07:53,205] INFO [GroupCoordinator 1]: Elected as the group coordinator for partition 9 in epoch 8 (kafka.coordinator.group.GroupCoordinator)
[2025-09-25 20:07:53,205] INFO [GroupMetadataManager brokerId=1] Scheduling loading of offsets and group metadata from __consumer_offsets-9 for epoch 8 (kafka.coordinator.group.GroupMetadataManager)
[2025-09-25 20:07:53,205] INFO [GroupCoordinator 1]: Elected as the group coordinator for partition 42 in epoch 8 (kafka.coordinator.group.GroupCoordinator)
[2025-09-25 20:07:53,205] INFO [GroupMetadataManager brokerId=1] Scheduling loading of offsets and group metadata from __consumer_offsets-42 for epoch 8 (kafka.coordinator.group.GroupMetadataManager)
[2025-09-25 20:07:53,205] INFO [GroupCoordinator 1]: Elected as the group coordinator for partition 21 in epoch 8 (kafka.coordinator.group.GroupCoordinator)
[2025-09-25 20:07:53,205] INFO [GroupMetadataManager brokerId=1] Scheduling loading of offsets and group metadata from __consumer_offsets-21 for epoch 8 (kafka.coordinator.group.GroupMetadataManager)
[2025-09-25 20:07:53,206] INFO [GroupCoordinator 1]: Elected as the group coordinator for partition 17 in epoch 8 (kafka.coordinator.group.GroupCoordinator)
[2025-09-25 20:07:53,206] INFO [GroupMetadataManager brokerId=1] Scheduling loading of offsets and group metadata from __consumer_offsets-17 for epoch 8 (kafka.coordinator.group.GroupMetadataManager)
[2025-09-25 20:07:53,206] INFO [GroupCoordinator 1]: Elected as the group coordinator for partition 30 in epoch 8 (kafka.coordinator.group.GroupCoordinator)
[2025-09-25 20:07:53,206] INFO [GroupMetadataManager brokerId=1] Scheduling loading of offsets and group metadata from __consumer_offsets-30 for epoch 8 (kafka.coordinator.group.GroupMetadataManager)
[2025-09-25 20:07:53,206] INFO [GroupCoordinator 1]: Elected as the group coordinator for partition 26 in epoch 8 (kafka.coordinator.group.GroupCoordinator)
[2025-09-25 20:07:53,206] INFO [GroupMetadataManager brokerId=1] Scheduling loading of offsets and group metadata from __consumer_offsets-26 for epoch 8 (kafka.coordinator.group.GroupMetadataManager)
[2025-09-25 20:07:53,206] INFO [GroupCoordinator 1]: Elected as the group coordinator for partition 5 in epoch 8 (kafka.coordinator.group.GroupCoordinator)
[2025-09-25 20:07:53,206] INFO [GroupMetadataManager brokerId=1] Scheduling loading of offsets and group metadata from __consumer_offsets-5 for epoch 8 (kafka.coordinator.group.GroupMetadataManager)
[2025-09-25 20:07:53,206] INFO [GroupCoordinator 1]: Elected as the group coordinator for partition 38 in epoch 8 (kafka.coordinator.group.GroupCoordinator)
[2025-09-25 20:07:53,206] INFO [GroupMetadataManager brokerId=1] Scheduling loading of offsets and group metadata from __consumer_offsets-38 for epoch 8 (kafka.coordinator.group.GroupMetadataManager)
[2025-09-25 20:07:53,206] INFO [GroupCoordinator 1]: Elected as the group coordinator for partition 1 in epoch 8 (kafka.coordinator.group.GroupCoordinator)
[2025-09-25 20:07:53,206] INFO [GroupMetadataManager brokerId=1] Scheduling loading of offsets and group metadata from __consumer_offsets-1 for epoch 8 (kafka.coordinator.group.GroupMetadataManager)
[2025-09-25 20:07:53,206] INFO [GroupCoordinator 1]: Elected as the group coordinator for partition 34 in epoch 8 (kafka.coordinator.group.GroupCoordinator)
[2025-09-25 20:07:53,206] INFO [GroupMetadataManager brokerId=1] Scheduling loading of offsets and group metadata from __consumer_offsets-34 for epoch 8 (kafka.coordinator.group.GroupMetadataManager)
[2025-09-25 20:07:53,206] INFO [GroupCoordinator 1]: Elected as the group coordinator for partition 16 in epoch 8 (kafka.coordinator.group.GroupCoordinator)
[2025-09-25 20:07:53,206] INFO [GroupMetadataManager brokerId=1] Scheduling loading of offsets and group metadata from __consumer_offsets-16 for epoch 8 (kafka.coordinator.group.GroupMetadataManager)
[2025-09-25 20:07:53,206] INFO [GroupCoordinator 1]: Elected as the group coordinator for partition 45 in epoch 8 (kafka.coordinator.group.GroupCoordinator)
[2025-09-25 20:07:53,206] INFO [GroupMetadataManager brokerId=1] Scheduling loading of offsets and group metadata from __consumer_offsets-45 for epoch 8 (kafka.coordinator.group.GroupMetadataManager)
[2025-09-25 20:07:53,206] INFO [GroupCoordinator 1]: Elected as the group coordinator for partition 12 in epoch 8 (kafka.coordinator.group.GroupCoordinator)
[2025-09-25 20:07:53,206] INFO [GroupMetadataManager brokerId=1] Scheduling loading of offsets and group metadata from __consumer_offsets-12 for epoch 8 (kafka.coordinator.group.GroupMetadataManager)
[2025-09-25 20:07:53,206] INFO [GroupCoordinator 1]: Elected as the group coordinator for partition 41 in epoch 8 (kafka.coordinator.group.GroupCoordinator)
[2025-09-25 20:07:53,206] INFO [GroupMetadataManager brokerId=1] Scheduling loading of offsets and group metadata from __consumer_offsets-41 for epoch 8 (kafka.coordinator.group.GroupMetadataManager)
[2025-09-25 20:07:53,206] INFO [GroupCoordinator 1]: Elected as the group coordinator for partition 24 in epoch 8 (kafka.coordinator.group.GroupCoordinator)
[2025-09-25 20:07:53,206] INFO [GroupMetadataManager brokerId=1] Scheduling loading of offsets and group metadata from __consumer_offsets-24 for epoch 8 (kafka.coordinator.group.GroupMetadataManager)
[2025-09-25 20:07:53,206] INFO [GroupCoordinator 1]: Elected as the group coordinator for partition 20 in epoch 8 (kafka.coordinator.group.GroupCoordinator)
[2025-09-25 20:07:53,206] INFO [GroupMetadataManager brokerId=1] Scheduling loading of offsets and group metadata from __consumer_offsets-20 for epoch 8 (kafka.coordinator.group.GroupMetadataManager)
[2025-09-25 20:07:53,206] INFO [GroupCoordinator 1]: Elected as the group coordinator for partition 49 in epoch 8 (kafka.coordinator.group.GroupCoordinator)
[2025-09-25 20:07:53,207] INFO [GroupMetadataManager brokerId=1] Scheduling loading of offsets and group metadata from __consumer_offsets-49 for epoch 8 (kafka.coordinator.group.GroupMetadataManager)
[2025-09-25 20:07:53,207] INFO [GroupCoordinator 1]: Elected as the group coordinator for partition 0 in epoch 8 (kafka.coordinator.group.GroupCoordinator)
[2025-09-25 20:07:53,207] INFO [GroupMetadataManager brokerId=1] Scheduling loading of offsets and group metadata from __consumer_offsets-0 for epoch 8 (kafka.coordinator.group.GroupMetadataManager)
[2025-09-25 20:07:53,207] INFO [GroupCoordinator 1]: Elected as the group coordinator for partition 29 in epoch 8 (kafka.coordinator.group.GroupCoordinator)
[2025-09-25 20:07:53,207] INFO [GroupMetadataManager brokerId=1] Scheduling loading of offsets and group metadata from __consumer_offsets-29 for epoch 8 (kafka.coordinator.group.GroupMetadataManager)
[2025-09-25 20:07:53,207] INFO [GroupCoordinator 1]: Elected as the group coordinator for partition 25 in epoch 8 (kafka.coordinator.group.GroupCoordinator)
[2025-09-25 20:07:53,207] INFO [GroupMetadataManager brokerId=1] Scheduling loading of offsets and group metadata from __consumer_offsets-25 for epoch 8 (kafka.coordinator.group.GroupMetadataManager)
[2025-09-25 20:07:53,207] INFO [GroupCoordinator 1]: Elected as the group coordinator for partition 8 in epoch 8 (kafka.coordinator.group.GroupCoordinator)
[2025-09-25 20:07:53,207] INFO [GroupMetadataManager brokerId=1] Scheduling loading of offsets and group metadata from __consumer_offsets-8 for epoch 8 (kafka.coordinator.group.GroupMetadataManager)
[2025-09-25 20:07:53,207] INFO [GroupCoordinator 1]: Elected as the group coordinator for partition 37 in epoch 8 (kafka.coordinator.group.GroupCoordinator)
[2025-09-25 20:07:53,207] INFO [GroupMetadataManager brokerId=1] Scheduling loading of offsets and group metadata from __consumer_offsets-37 for epoch 8 (kafka.coordinator.group.GroupMetadataManager)
[2025-09-25 20:07:53,207] INFO [GroupCoordinator 1]: Elected as the group coordinator for partition 4 in epoch 8 (kafka.coordinator.group.GroupCoordinator)
[2025-09-25 20:07:53,207] INFO [GroupMetadataManager brokerId=1] Scheduling loading of offsets and group metadata from __consumer_offsets-4 for epoch 8 (kafka.coordinator.group.GroupMetadataManager)
[2025-09-25 20:07:53,207] INFO [GroupCoordinator 1]: Elected as the group coordinator for partition 33 in epoch 8 (kafka.coordinator.group.GroupCoordinator)
[2025-09-25 20:07:53,207] INFO [GroupMetadataManager brokerId=1] Scheduling loading of offsets and group metadata from __consumer_offsets-33 for epoch 8 (kafka.coordinator.group.GroupMetadataManager)
[2025-09-25 20:07:53,207] INFO [GroupCoordinator 1]: Elected as the group coordinator for partition 15 in epoch 8 (kafka.coordinator.group.GroupCoordinator)
[2025-09-25 20:07:53,207] INFO [GroupMetadataManager brokerId=1] Scheduling loading of offsets and group metadata from __consumer_offsets-15 for epoch 8 (kafka.coordinator.group.GroupMetadataManager)
[2025-09-25 20:07:53,207] INFO [GroupCoordinator 1]: Elected as the group coordinator for partition 48 in epoch 8 (kafka.coordinator.group.GroupCoordinator)
[2025-09-25 20:07:53,207] INFO [GroupMetadataManager brokerId=1] Scheduling loading of offsets and group metadata from __consumer_offsets-48 for epoch 8 (kafka.coordinator.group.GroupMetadataManager)
[2025-09-25 20:07:53,207] INFO [GroupCoordinator 1]: Elected as the group coordinator for partition 11 in epoch 8 (kafka.coordinator.group.GroupCoordinator)
[2025-09-25 20:07:53,207] INFO [GroupMetadataManager brokerId=1] Scheduling loading of offsets and group metadata from __consumer_offsets-11 for epoch 8 (kafka.coordinator.group.GroupMetadataManager)
[2025-09-25 20:07:53,207] INFO [GroupCoordinator 1]: Elected as the group coordinator for partition 44 in epoch 8 (kafka.coordinator.group.GroupCoordinator)
[2025-09-25 20:07:53,207] INFO [GroupMetadataManager brokerId=1] Scheduling loading of offsets and group metadata from __consumer_offsets-44 for epoch 8 (kafka.coordinator.group.GroupMetadataManager)
[2025-09-25 20:07:53,207] INFO [GroupCoordinator 1]: Elected as the group coordinator for partition 23 in epoch 8 (kafka.coordinator.group.GroupCoordinator)
[2025-09-25 20:07:53,207] INFO [GroupMetadataManager brokerId=1] Scheduling loading of offsets and group metadata from __consumer_offsets-23 for epoch 8 (kafka.coordinator.group.GroupMetadataManager)
[2025-09-25 20:07:53,207] INFO [GroupCoordinator 1]: Elected as the group coordinator for partition 19 in epoch 8 (kafka.coordinator.group.GroupCoordinator)
[2025-09-25 20:07:53,207] INFO [GroupMetadataManager brokerId=1] Scheduling loading of offsets and group metadata from __consumer_offsets-19 for epoch 8 (kafka.coordinator.group.GroupMetadataManager)
[2025-09-25 20:07:53,207] INFO [GroupCoordinator 1]: Elected as the group coordinator for partition 32 in epoch 8 (kafka.coordinator.group.GroupCoordinator)
[2025-09-25 20:07:53,207] INFO [GroupMetadataManager brokerId=1] Scheduling loading of offsets and group metadata from __consumer_offsets-32 for epoch 8 (kafka.coordinator.group.GroupMetadataManager)
[2025-09-25 20:07:53,207] INFO [GroupCoordinator 1]: Elected as the group coordinator for partition 28 in epoch 8 (kafka.coordinator.group.GroupCoordinator)
[2025-09-25 20:07:53,207] INFO [GroupMetadataManager brokerId=1] Scheduling loading of offsets and group metadata from __consumer_offsets-28 for epoch 8 (kafka.coordinator.group.GroupMetadataManager)
[2025-09-25 20:07:53,207] INFO [GroupCoordinator 1]: Elected as the group coordinator for partition 7 in epoch 8 (kafka.coordinator.group.GroupCoordinator)
[2025-09-25 20:07:53,207] INFO [GroupMetadataManager brokerId=1] Scheduling loading of offsets and group metadata from __consumer_offsets-7 for epoch 8 (kafka.coordinator.group.GroupMetadataManager)
[2025-09-25 20:07:53,207] INFO [GroupCoordinator 1]: Elected as the group coordinator for partition 40 in epoch 8 (kafka.coordinator.group.GroupCoordinator)
[2025-09-25 20:07:53,207] INFO [GroupMetadataManager brokerId=1] Scheduling loading of offsets and group metadata from __consumer_offsets-40 for epoch 8 (kafka.coordinator.group.GroupMetadataManager)
[2025-09-25 20:07:53,207] INFO [GroupCoordinator 1]: Elected as the group coordinator for partition 3 in epoch 8 (kafka.coordinator.group.GroupCoordinator)
[2025-09-25 20:07:53,207] INFO [GroupMetadataManager brokerId=1] Scheduling loading of offsets and group metadata from __consumer_offsets-3 for epoch 8 (kafka.coordinator.group.GroupMetadataManager)
[2025-09-25 20:07:53,207] INFO [GroupCoordinator 1]: Elected as the group coordinator for partition 36 in epoch 8 (kafka.coordinator.group.GroupCoordinator)
[2025-09-25 20:07:53,207] INFO [GroupMetadataManager brokerId=1] Scheduling loading of offsets and group metadata from __consumer_offsets-36 for epoch 8 (kafka.coordinator.group.GroupMetadataManager)
[2025-09-25 20:07:53,207] INFO [GroupCoordinator 1]: Elected as the group coordinator for partition 47 in epoch 8 (kafka.coordinator.group.GroupCoordinator)
[2025-09-25 20:07:53,207] INFO [GroupMetadataManager brokerId=1] Scheduling loading of offsets and group metadata from __consumer_offsets-47 for epoch 8 (kafka.coordinator.group.GroupMetadataManager)
[2025-09-25 20:07:53,207] INFO [GroupCoordinator 1]: Elected as the group coordinator for partition 14 in epoch 8 (kafka.coordinator.group.GroupCoordinator)
[2025-09-25 20:07:53,207] INFO [GroupMetadataManager brokerId=1] Scheduling loading of offsets and group metadata from __consumer_offsets-14 for epoch 8 (kafka.coordinator.group.GroupMetadataManager)
[2025-09-25 20:07:53,207] INFO [GroupCoordinator 1]: Elected as the group coordinator for partition 43 in epoch 8 (kafka.coordinator.group.GroupCoordinator)
[2025-09-25 20:07:53,207] INFO [GroupMetadataManager brokerId=1] Scheduling loading of offsets and group metadata from __consumer_offsets-43 for epoch 8 (kafka.coordinator.group.GroupMetadataManager)
[2025-09-25 20:07:53,208] INFO [GroupCoordinator 1]: Elected as the group coordinator for partition 10 in epoch 8 (kafka.coordinator.group.GroupCoordinator)
[2025-09-25 20:07:53,208] INFO [GroupMetadataManager brokerId=1] Scheduling loading of offsets and group metadata from __consumer_offsets-10 for epoch 8 (kafka.coordinator.group.GroupMetadataManager)
[2025-09-25 20:07:53,208] INFO [GroupCoordinator 1]: Elected as the group coordinator for partition 22 in epoch 8 (kafka.coordinator.group.GroupCoordinator)
[2025-09-25 20:07:53,208] INFO [GroupMetadataManager brokerId=1] Scheduling loading of offsets and group metadata from __consumer_offsets-22 for epoch 8 (kafka.coordinator.group.GroupMetadataManager)
[2025-09-25 20:07:53,208] INFO [GroupCoordinator 1]: Elected as the group coordinator for partition 18 in epoch 8 (kafka.coordinator.group.GroupCoordinator)
[2025-09-25 20:07:53,208] INFO [GroupMetadataManager brokerId=1] Scheduling loading of offsets and group metadata from __consumer_offsets-18 for epoch 8 (kafka.coordinator.group.GroupMetadataManager)
[2025-09-25 20:07:53,208] INFO [GroupCoordinator 1]: Elected as the group coordinator for partition 31 in epoch 8 (kafka.coordinator.group.GroupCoordinator)
[2025-09-25 20:07:53,208] INFO [GroupMetadataManager brokerId=1] Scheduling loading of offsets and group metadata from __consumer_offsets-31 for epoch 8 (kafka.coordinator.group.GroupMetadataManager)
[2025-09-25 20:07:53,208] INFO [GroupCoordinator 1]: Elected as the group coordinator for partition 27 in epoch 8 (kafka.coordinator.group.GroupCoordinator)
[2025-09-25 20:07:53,208] INFO [GroupMetadataManager brokerId=1] Scheduling loading of offsets and group metadata from __consumer_offsets-27 for epoch 8 (kafka.coordinator.group.GroupMetadataManager)
[2025-09-25 20:07:53,208] INFO [GroupCoordinator 1]: Elected as the group coordinator for partition 39 in epoch 8 (kafka.coordinator.group.GroupCoordinator)
[2025-09-25 20:07:53,208] INFO [GroupMetadataManager brokerId=1] Scheduling loading of offsets and group metadata from __consumer_offsets-39 for epoch 8 (kafka.coordinator.group.GroupMetadataManager)
[2025-09-25 20:07:53,208] INFO [GroupCoordinator 1]: Elected as the group coordinator for partition 6 in epoch 8 (kafka.coordinator.group.GroupCoordinator)
[2025-09-25 20:07:53,208] INFO [GroupMetadataManager brokerId=1] Scheduling loading of offsets and group metadata from __consumer_offsets-6 for epoch 8 (kafka.coordinator.group.GroupMetadataManager)
[2025-09-25 20:07:53,208] INFO [GroupCoordinator 1]: Elected as the group coordinator for partition 35 in epoch 8 (kafka.coordinator.group.GroupCoordinator)
[2025-09-25 20:07:53,208] INFO [GroupMetadataManager brokerId=1] Scheduling loading of offsets and group metadata from __consumer_offsets-35 for epoch 8 (kafka.coordinator.group.GroupMetadataManager)
[2025-09-25 20:07:53,208] INFO [GroupCoordinator 1]: Elected as the group coordinator for partition 2 in epoch 8 (kafka.coordinator.group.GroupCoordinator)
[2025-09-25 20:07:53,208] INFO [GroupMetadataManager brokerId=1] Scheduling loading of offsets and group metadata from __consumer_offsets-2 for epoch 8 (kafka.coordinator.group.GroupMetadataManager)
[2025-09-25 20:07:53,210] INFO [GroupMetadataManager brokerId=1] Finished loading offsets and group metadata from __consumer_offsets-13 in 8 milliseconds for epoch 8, of which 4 milliseconds was spent in the scheduler. (kafka.coordinator.group.GroupMetadataManager)
[2025-09-25 20:07:53,211] INFO [GroupMetadataManager brokerId=1] Finished loading offsets and group metadata from __consumer_offsets-46 in 6 milliseconds for epoch 8, of which 6 milliseconds was spent in the scheduler. (kafka.coordinator.group.GroupMetadataManager)
[2025-09-25 20:07:53,211] INFO [GroupMetadataManager brokerId=1] Finished loading offsets and group metadata from __consumer_offsets-9 in 6 milliseconds for epoch 8, of which 6 milliseconds was spent in the scheduler. (kafka.coordinator.group.GroupMetadataManager)
[2025-09-25 20:07:53,211] INFO [GroupMetadataManager brokerId=1] Finished loading offsets and group metadata from __consumer_offsets-42 in 6 milliseconds for epoch 8, of which 6 milliseconds was spent in the scheduler. (kafka.coordinator.group.GroupMetadataManager)
[2025-09-25 20:07:53,211] INFO [GroupMetadataManager brokerId=1] Finished loading offsets and group metadata from __consumer_offsets-21 in 5 milliseconds for epoch 8, of which 5 milliseconds was spent in the scheduler. (kafka.coordinator.group.GroupMetadataManager)
[2025-09-25 20:07:53,211] INFO [GroupMetadataManager brokerId=1] Finished loading offsets and group metadata from __consumer_offsets-17 in 5 milliseconds for epoch 8, of which 5 milliseconds was spent in the scheduler. (kafka.coordinator.group.GroupMetadataManager)
[2025-09-25 20:07:53,212] INFO [GroupMetadataManager brokerId=1] Finished loading offsets and group metadata from __consumer_offsets-30 in 6 milliseconds for epoch 8, of which 5 milliseconds was spent in the scheduler. (kafka.coordinator.group.GroupMetadataManager)
[2025-09-25 20:07:53,212] INFO [GroupMetadataManager brokerId=1] Finished loading offsets and group metadata from __consumer_offsets-26 in 6 milliseconds for epoch 8, of which 6 milliseconds was spent in the scheduler. (kafka.coordinator.group.GroupMetadataManager)
[2025-09-25 20:07:53,213] INFO [GroupMetadataManager brokerId=1] Finished loading offsets and group metadata from __consumer_offsets-5 in 7 milliseconds for epoch 8, of which 7 milliseconds was spent in the scheduler. (kafka.coordinator.group.GroupMetadataManager)
[2025-09-25 20:07:53,213] INFO [GroupMetadataManager brokerId=1] Finished loading offsets and group metadata from __consumer_offsets-38 in 7 milliseconds for epoch 8, of which 7 milliseconds was spent in the scheduler. (kafka.coordinator.group.GroupMetadataManager)
[2025-09-25 20:07:53,213] INFO [GroupMetadataManager brokerId=1] Finished loading offsets and group metadata from __consumer_offsets-1 in 7 milliseconds for epoch 8, of which 7 milliseconds was spent in the scheduler. (kafka.coordinator.group.GroupMetadataManager)
[2025-09-25 20:07:53,213] INFO [GroupMetadataManager brokerId=1] Finished loading offsets and group metadata from __consumer_offsets-34 in 7 milliseconds for epoch 8, of which 7 milliseconds was spent in the scheduler. (kafka.coordinator.group.GroupMetadataManager)
[2025-09-25 20:07:53,213] INFO [GroupMetadataManager brokerId=1] Finished loading offsets and group metadata from __consumer_offsets-16 in 7 milliseconds for epoch 8, of which 7 milliseconds was spent in the scheduler. (kafka.coordinator.group.GroupMetadataManager)
[2025-09-25 20:07:53,214] INFO [GroupMetadataManager brokerId=1] Finished loading offsets and group metadata from __consumer_offsets-45 in 8 milliseconds for epoch 8, of which 8 milliseconds was spent in the scheduler. (kafka.coordinator.group.GroupMetadataManager)
[2025-09-25 20:07:53,214] INFO [GroupMetadataManager brokerId=1] Finished loading offsets and group metadata from __consumer_offsets-12 in 8 milliseconds for epoch 8, of which 8 milliseconds was spent in the scheduler. (kafka.coordinator.group.GroupMetadataManager)
[2025-09-25 20:07:53,233] INFO Loaded member MemberMetadata(memberId=console-consumer-db43d752-c1c1-4f50-a996-35ccd724ee21, groupInstanceId=None, clientId=console-consumer, clientHost=/127.0.0.1, sessionTimeoutMs=45000, rebalanceTimeoutMs=300000, supportedProtocols=List(range)) in group console-consumer-72362 with generation 1. (kafka.coordinator.group.GroupMetadata$)
[2025-09-25 20:07:53,238] INFO [GroupMetadataManager brokerId=1] Finished loading offsets and group metadata from __consumer_offsets-41 in 32 milliseconds for epoch 8, of which 8 milliseconds was spent in the scheduler. (kafka.coordinator.group.GroupMetadataManager)
[2025-09-25 20:07:53,238] INFO [GroupMetadataManager brokerId=1] Finished loading offsets and group metadata from __consumer_offsets-24 in 32 milliseconds for epoch 8, of which 32 milliseconds was spent in the scheduler. (kafka.coordinator.group.GroupMetadataManager)
[2025-09-25 20:07:53,238] INFO [GroupMetadataManager brokerId=1] Finished loading offsets and group metadata from __consumer_offsets-20 in 32 milliseconds for epoch 8, of which 32 milliseconds was spent in the scheduler. (kafka.coordinator.group.GroupMetadataManager)
[2025-09-25 20:07:53,238] INFO [GroupMetadataManager brokerId=1] Finished loading offsets and group metadata from __consumer_offsets-49 in 31 milliseconds for epoch 8, of which 31 milliseconds was spent in the scheduler. (kafka.coordinator.group.GroupMetadataManager)
[2025-09-25 20:07:53,238] INFO [GroupMetadataManager brokerId=1] Finished loading offsets and group metadata from __consumer_offsets-0 in 31 milliseconds for epoch 8, of which 31 milliseconds was spent in the scheduler. (kafka.coordinator.group.GroupMetadataManager)
[2025-09-25 20:07:53,239] INFO [GroupMetadataManager brokerId=1] Finished loading offsets and group metadata from __consumer_offsets-29 in 32 milliseconds for epoch 8, of which 31 milliseconds was spent in the scheduler. (kafka.coordinator.group.GroupMetadataManager)
[2025-09-25 20:07:53,239] INFO [GroupMetadataManager brokerId=1] Finished loading offsets and group metadata from __consumer_offsets-25 in 32 milliseconds for epoch 8, of which 32 milliseconds was spent in the scheduler. (kafka.coordinator.group.GroupMetadataManager)
[2025-09-25 20:07:53,239] INFO [GroupMetadataManager brokerId=1] Finished loading offsets and group metadata from __consumer_offsets-8 in 32 milliseconds for epoch 8, of which 32 milliseconds was spent in the scheduler. (kafka.coordinator.group.GroupMetadataManager)
[2025-09-25 20:07:53,239] INFO [GroupMetadataManager brokerId=1] Finished loading offsets and group metadata from __consumer_offsets-37 in 32 milliseconds for epoch 8, of which 32 milliseconds was spent in the scheduler. (kafka.coordinator.group.GroupMetadataManager)
[2025-09-25 20:07:53,242] INFO Loaded member MemberMetadata(memberId=consumer-empleados-group-1-80eff2b4-9edf-4cc9-ba34-cd6d5b580947, groupInstanceId=None, clientId=consumer-empleados-group-1, clientHost=/127.0.0.1, sessionTimeoutMs=45000, rebalanceTimeoutMs=300000, supportedProtocols=List(range)) in group empleados-group with generation 1. (kafka.coordinator.group.GroupMetadata$)
[2025-09-25 20:07:53,246] INFO Loaded member MemberMetadata(memberId=consumer-empleados-group-1-2c8b5d05-234f-446b-98ad-b6cd380cc536, groupInstanceId=None, clientId=consumer-empleados-group-1, clientHost=/127.0.0.1, sessionTimeoutMs=45000, rebalanceTimeoutMs=300000, supportedProtocols=List(range)) in group empleados-group with generation 3. (kafka.coordinator.group.GroupMetadata$)
[2025-09-25 20:07:53,246] INFO Loaded member MemberMetadata(memberId=consumer-empleados-group-1-4db977d0-4f17-4af6-928b-c54949615fed, groupInstanceId=None, clientId=consumer-empleados-group-1, clientHost=/127.0.0.1, sessionTimeoutMs=45000, rebalanceTimeoutMs=300000, supportedProtocols=List(range)) in group empleados-group with generation 5. (kafka.coordinator.group.GroupMetadata$)
[2025-09-25 20:07:53,246] INFO Loaded member MemberMetadata(memberId=consumer-empleados-group-1-356b52c5-a263-48d1-92e5-409c0cff4aa6, groupInstanceId=None, clientId=consumer-empleados-group-1, clientHost=/127.0.0.1, sessionTimeoutMs=45000, rebalanceTimeoutMs=300000, supportedProtocols=List(range)) in group empleados-group with generation 7. (kafka.coordinator.group.GroupMetadata$)
[2025-09-25 20:07:53,247] INFO Loaded member MemberMetadata(memberId=consumer-empleados-group-1-a9f1da2d-5e59-469e-b2fa-4d5ef241db33, groupInstanceId=None, clientId=consumer-empleados-group-1, clientHost=/127.0.0.1, sessionTimeoutMs=45000, rebalanceTimeoutMs=300000, supportedProtocols=List(range)) in group empleados-group with generation 9. (kafka.coordinator.group.GroupMetadata$)
[2025-09-25 20:07:53,247] INFO Loaded member MemberMetadata(memberId=consumer-empleados-group-1-55db42e2-24bb-4a72-88ef-a2709a225f98, groupInstanceId=None, clientId=consumer-empleados-group-1, clientHost=/127.0.0.1, sessionTimeoutMs=45000, rebalanceTimeoutMs=300000, supportedProtocols=List(range)) in group empleados-group with generation 11. (kafka.coordinator.group.GroupMetadata$)
[2025-09-25 20:07:53,251] INFO [GroupCoordinator 1]: Loading group metadata for empleados-group with generation 12 (kafka.coordinator.group.GroupCoordinator)
[2025-09-25 20:07:53,251] INFO [GroupMetadataManager brokerId=1] Finished loading offsets and group metadata from __consumer_offsets-4 in 44 milliseconds for epoch 8, of which 32 milliseconds was spent in the scheduler. (kafka.coordinator.group.GroupMetadataManager)
[2025-09-25 20:07:53,251] INFO [GroupMetadataManager brokerId=1] Finished loading offsets and group metadata from __consumer_offsets-33 in 44 milliseconds for epoch 8, of which 44 milliseconds was spent in the scheduler. (kafka.coordinator.group.GroupMetadataManager)
[2025-09-25 20:07:53,252] INFO [GroupMetadataManager brokerId=1] Finished loading offsets and group metadata from __consumer_offsets-15 in 45 milliseconds for epoch 8, of which 44 milliseconds was spent in the scheduler. (kafka.coordinator.group.GroupMetadataManager)
[2025-09-25 20:07:53,252] INFO [GroupMetadataManager brokerId=1] Finished loading offsets and group metadata from __consumer_offsets-48 in 45 milliseconds for epoch 8, of which 45 milliseconds was spent in the scheduler. (kafka.coordinator.group.GroupMetadataManager)
[2025-09-25 20:07:53,252] INFO [GroupMetadataManager brokerId=1] Finished loading offsets and group metadata from __consumer_offsets-11 in 45 milliseconds for epoch 8, of which 45 milliseconds was spent in the scheduler. (kafka.coordinator.group.GroupMetadataManager)
[2025-09-25 20:07:53,252] INFO [GroupMetadataManager brokerId=1] Finished loading offsets and group metadata from __consumer_offsets-44 in 45 milliseconds for epoch 8, of which 45 milliseconds was spent in the scheduler. (kafka.coordinator.group.GroupMetadataManager)
[2025-09-25 20:07:53,253] INFO [GroupMetadataManager brokerId=1] Finished loading offsets and group metadata from __consumer_offsets-23 in 46 milliseconds for epoch 8, of which 46 milliseconds was spent in the scheduler. (kafka.coordinator.group.GroupMetadataManager)
[2025-09-25 20:07:53,253] INFO [GroupMetadataManager brokerId=1] Finished loading offsets and group metadata from __consumer_offsets-19 in 46 milliseconds for epoch 8, of which 46 milliseconds was spent in the scheduler. (kafka.coordinator.group.GroupMetadataManager)
[2025-09-25 20:07:53,253] INFO [GroupMetadataManager brokerId=1] Finished loading offsets and group metadata from __consumer_offsets-32 in 46 milliseconds for epoch 8, of which 46 milliseconds was spent in the scheduler. (kafka.coordinator.group.GroupMetadataManager)
[2025-09-25 20:07:53,253] INFO [GroupMetadataManager brokerId=1] Finished loading offsets and group metadata from __consumer_offsets-28 in 46 milliseconds for epoch 8, of which 46 milliseconds was spent in the scheduler. (kafka.coordinator.group.GroupMetadataManager)
[2025-09-25 20:07:53,253] INFO [GroupMetadataManager brokerId=1] Finished loading offsets and group metadata from __consumer_offsets-7 in 46 milliseconds for epoch 8, of which 46 milliseconds was spent in the scheduler. (kafka.coordinator.group.GroupMetadataManager)
[2025-09-25 20:07:53,253] INFO [GroupMetadataManager brokerId=1] Finished loading offsets and group metadata from __consumer_offsets-40 in 46 milliseconds for epoch 8, of which 46 milliseconds was spent in the scheduler. (kafka.coordinator.group.GroupMetadataManager)
[2025-09-25 20:07:53,253] INFO [GroupMetadataManager brokerId=1] Finished loading offsets and group metadata from __consumer_offsets-3 in 46 milliseconds for epoch 8, of which 46 milliseconds was spent in the scheduler. (kafka.coordinator.group.GroupMetadataManager)
[2025-09-25 20:07:53,253] INFO [GroupMetadataManager brokerId=1] Finished loading offsets and group metadata from __consumer_offsets-36 in 46 milliseconds for epoch 8, of which 46 milliseconds was spent in the scheduler. (kafka.coordinator.group.GroupMetadataManager)
[2025-09-25 20:07:53,254] INFO [GroupMetadataManager brokerId=1] Finished loading offsets and group metadata from __consumer_offsets-47 in 47 milliseconds for epoch 8, of which 46 milliseconds was spent in the scheduler. (kafka.coordinator.group.GroupMetadataManager)
[2025-09-25 20:07:53,255] INFO [GroupMetadataManager brokerId=1] Finished loading offsets and group metadata from __consumer_offsets-14 in 48 milliseconds for epoch 8, of which 47 milliseconds was spent in the scheduler. (kafka.coordinator.group.GroupMetadataManager)
[2025-09-25 20:07:53,255] INFO [GroupMetadataManager brokerId=1] Finished loading offsets and group metadata from __consumer_offsets-43 in 48 milliseconds for epoch 8, of which 48 milliseconds was spent in the scheduler. (kafka.coordinator.group.GroupMetadataManager)
[2025-09-25 20:07:53,255] INFO [GroupMetadataManager brokerId=1] Finished loading offsets and group metadata from __consumer_offsets-10 in 47 milliseconds for epoch 8, of which 47 milliseconds was spent in the scheduler. (kafka.coordinator.group.GroupMetadataManager)
[2025-09-25 20:07:53,255] INFO [GroupMetadataManager brokerId=1] Finished loading offsets and group metadata from __consumer_offsets-22 in 47 milliseconds for epoch 8, of which 47 milliseconds was spent in the scheduler. (kafka.coordinator.group.GroupMetadataManager)
[2025-09-25 20:07:53,255] INFO [GroupMetadataManager brokerId=1] Finished loading offsets and group metadata from __consumer_offsets-18 in 47 milliseconds for epoch 8, of which 47 milliseconds was spent in the scheduler. (kafka.coordinator.group.GroupMetadataManager)
[2025-09-25 20:07:53,255] INFO [GroupMetadataManager brokerId=1] Finished loading offsets and group metadata from __consumer_offsets-31 in 47 milliseconds for epoch 8, of which 47 milliseconds was spent in the scheduler. (kafka.coordinator.group.GroupMetadataManager)
[2025-09-25 20:07:53,255] INFO [GroupMetadataManager brokerId=1] Finished loading offsets and group metadata from __consumer_offsets-27 in 47 milliseconds for epoch 8, of which 47 milliseconds was spent in the scheduler. (kafka.coordinator.group.GroupMetadataManager)
[2025-09-25 20:07:53,255] INFO [GroupMetadataManager brokerId=1] Finished loading offsets and group metadata from __consumer_offsets-39 in 47 milliseconds for epoch 8, of which 47 milliseconds was spent in the scheduler. (kafka.coordinator.group.GroupMetadataManager)
[2025-09-25 20:07:53,258] INFO Loaded member MemberMetadata(memberId=console-consumer-ec1872e3-4614-4a7c-bd98-373affa69a51, groupInstanceId=None, clientId=console-consumer, clientHost=/127.0.0.1, sessionTimeoutMs=45000, rebalanceTimeoutMs=300000, supportedProtocols=List(range)) in group console-consumer-15883 with generation 1. (kafka.coordinator.group.GroupMetadata$)
[2025-09-25 20:07:53,258] INFO [GroupMetadataManager brokerId=1] Finished loading offsets and group metadata from __consumer_offsets-6 in 50 milliseconds for epoch 8, of which 47 milliseconds was spent in the scheduler. (kafka.coordinator.group.GroupMetadataManager)
[2025-09-25 20:07:53,258] INFO [GroupMetadataManager brokerId=1] Finished loading offsets and group metadata from __consumer_offsets-35 in 50 milliseconds for epoch 8, of which 50 milliseconds was spent in the scheduler. (kafka.coordinator.group.GroupMetadataManager)
[2025-09-25 20:07:53,258] INFO [GroupMetadataManager brokerId=1] Finished loading offsets and group metadata from __consumer_offsets-2 in 50 milliseconds for epoch 8, of which 50 milliseconds was spent in the scheduler. (kafka.coordinator.group.GroupMetadataManager)
[2025-09-25 20:08:52,786] INFO [GroupCoordinator 1]: Dynamic member with unknown member id joins group empleados-group in Empty state. Created a new member id consumer-empleados-group-1-a5b89e91-2cc7-4b2a-b775-40b531e625b0 and request the member to rejoin with this id. (kafka.coordinator.group.GroupCoordinator)
[2025-09-25 20:08:52,805] INFO [GroupCoordinator 1]: Preparing to rebalance group empleados-group in state PreparingRebalance with old generation 12 (__consumer_offsets-4) (reason: Adding new member consumer-empleados-group-1-a5b89e91-2cc7-4b2a-b775-40b531e625b0 with group instance id None; client reason: need to re-join with the given member-id: consumer-empleados-group-1-a5b89e91-2cc7-4b2a-b775-40b531e625b0) (kafka.coordinator.group.GroupCoordinator)
[2025-09-25 20:08:55,844] INFO [GroupCoordinator 1]: Stabilized group empleados-group generation 13 (__consumer_offsets-4) with 1 members (kafka.coordinator.group.GroupCoordinator)
[2025-09-25 20:08:55,898] INFO [GroupCoordinator 1]: Assignment received from leader consumer-empleados-group-1-a5b89e91-2cc7-4b2a-b775-40b531e625b0 for group empleados-group for generation 13. The group has 1 members, 0 of which are static. (kafka.coordinator.group.GroupCoordinator)
[2025-09-25 20:11:09,353] INFO [GroupCoordinator 1]: Preparing to rebalance group empleados-group in state PreparingRebalance with old generation 13 (__consumer_offsets-4) (reason: Removing member consumer-empleados-group-1-a5b89e91-2cc7-4b2a-b775-40b531e625b0 on LeaveGroup; client reason: the consumer unsubscribed from all topics) (kafka.coordinator.group.GroupCoordinator)
[2025-09-25 20:11:09,357] INFO [GroupCoordinator 1]: Group empleados-group with generation 14 is now empty (__consumer_offsets-4) (kafka.coordinator.group.GroupCoordinator)
[2025-09-25 20:11:09,365] INFO [GroupCoordinator 1]: Member MemberMetadata(memberId=consumer-empleados-group-1-a5b89e91-2cc7-4b2a-b775-40b531e625b0, groupInstanceId=None, clientId=consumer-empleados-group-1, clientHost=/127.0.0.1, sessionTimeoutMs=45000, rebalanceTimeoutMs=300000, supportedProtocols=List(range, cooperative-sticky)) has left group empleados-group through explicit `LeaveGroup`; client reason: the consumer unsubscribed from all topics (kafka.coordinator.group.GroupCoordinator)
[2025-09-25 20:11:13,420] INFO Terminating process due to signal SIGTERM (org.apache.kafka.common.utils.LoggingSignalHandler)
[2025-09-25 20:11:13,425] INFO [BrokerServer id=1] Transition from STARTED to SHUTTING_DOWN (kafka.server.BrokerServer)
[2025-09-25 20:11:13,425] INFO [BrokerServer id=1] shutting down (kafka.server.BrokerServer)
[2025-09-25 20:11:13,426] INFO [BrokerLifecycleManager id=1] Beginning controlled shutdown. (kafka.server.BrokerLifecycleManager)
[2025-09-25 20:11:13,470] INFO [BrokerLifecycleManager id=1] The broker is in PENDING_CONTROLLED_SHUTDOWN state, still waiting for the active controller. (kafka.server.BrokerLifecycleManager)
[2025-09-25 20:11:13,511] INFO [ReplicaFetcherManager on broker 1] Removed fetcher for partitions HashSet(__consumer_offsets-22, __consumer_offsets-30, __consumer_offsets-25, __consumer_offsets-35, __consumer_offsets-37, __consumer_offsets-38, __consumer_offsets-13, empleados-actualizados-0, __consumer_offsets-8, __consumer_offsets-21, __consumer_offsets-4, __consumer_offsets-27, __consumer_offsets-7, __consumer_offsets-9, __consumer_offsets-46, __consumer_offsets-41, __consumer_offsets-33, __consumer_offsets-23, __consumer_offsets-49, __consumer_offsets-47, __consumer_offsets-16, __consumer_offsets-28, __consumer_offsets-31, __consumer_offsets-36, __consumer_offsets-42, __consumer_offsets-3, __consumer_offsets-18, __consumer_offsets-15, __consumer_offsets-24, empleados-creados-0, empleados-eliminados-0, __consumer_offsets-17, __consumer_offsets-48, __consumer_offsets-19, __consumer_offsets-11, __consumer_offsets-2, __consumer_offsets-43, __consumer_offsets-6, __consumer_offsets-14, __consumer_offsets-20, __consumer_offsets-0, __consumer_offsets-44, __consumer_offsets-39, __consumer_offsets-12, __consumer_offsets-45, __consumer_offsets-1, __consumer_offsets-5, __consumer_offsets-26, __consumer_offsets-29, __consumer_offsets-34, __consumer_offsets-10, empleados-creado-0, __consumer_offsets-32, __consumer_offsets-40) (kafka.server.ReplicaFetcherManager)
[2025-09-25 20:11:13,511] INFO [ReplicaAlterLogDirsManager on broker 1] Removed fetcher for partitions HashSet(__consumer_offsets-22, __consumer_offsets-30, __consumer_offsets-25, __consumer_offsets-35, __consumer_offsets-37, __consumer_offsets-38, __consumer_offsets-13, empleados-actualizados-0, __consumer_offsets-8, __consumer_offsets-21, __consumer_offsets-4, __consumer_offsets-27, __consumer_offsets-7, __consumer_offsets-9, __consumer_offsets-46, __consumer_offsets-41, __consumer_offsets-33, __consumer_offsets-23, __consumer_offsets-49, __consumer_offsets-47, __consumer_offsets-16, __consumer_offsets-28, __consumer_offsets-31, __consumer_offsets-36, __consumer_offsets-42, __consumer_offsets-3, __consumer_offsets-18, __consumer_offsets-15, __consumer_offsets-24, empleados-creados-0, empleados-eliminados-0, __consumer_offsets-17, __consumer_offsets-48, __consumer_offsets-19, __consumer_offsets-11, __consumer_offsets-2, __consumer_offsets-43, __consumer_offsets-6, __consumer_offsets-14, __consumer_offsets-20, __consumer_offsets-0, __consumer_offsets-44, __consumer_offsets-39, __consumer_offsets-12, __consumer_offsets-45, __consumer_offsets-1, __consumer_offsets-5, __consumer_offsets-26, __consumer_offsets-29, __consumer_offsets-34, __consumer_offsets-10, empleados-creado-0, __consumer_offsets-32, __consumer_offsets-40) (kafka.server.ReplicaAlterLogDirsManager)
[2025-09-25 20:11:13,514] INFO [GroupCoordinator 1]: Resigned as the group coordinator for partition 13 in epoch OptionalInt[9] (kafka.coordinator.group.GroupCoordinator)
[2025-09-25 20:11:13,514] INFO [GroupMetadataManager brokerId=1] Scheduling unloading of offsets and group metadata from __consumer_offsets-13 (kafka.coordinator.group.GroupMetadataManager)
[2025-09-25 20:11:13,514] INFO [GroupCoordinator 1]: Resigned as the group coordinator for partition 46 in epoch OptionalInt[9] (kafka.coordinator.group.GroupCoordinator)
[2025-09-25 20:11:13,514] INFO [GroupMetadataManager brokerId=1] Scheduling unloading of offsets and group metadata from __consumer_offsets-46 (kafka.coordinator.group.GroupMetadataManager)
[2025-09-25 20:11:13,514] INFO [GroupCoordinator 1]: Resigned as the group coordinator for partition 9 in epoch OptionalInt[9] (kafka.coordinator.group.GroupCoordinator)
[2025-09-25 20:11:13,514] INFO [GroupMetadataManager brokerId=1] Scheduling unloading of offsets and group metadata from __consumer_offsets-9 (kafka.coordinator.group.GroupMetadataManager)
[2025-09-25 20:11:13,514] INFO [GroupCoordinator 1]: Resigned as the group coordinator for partition 42 in epoch OptionalInt[9] (kafka.coordinator.group.GroupCoordinator)
[2025-09-25 20:11:13,514] INFO [GroupMetadataManager brokerId=1] Scheduling unloading of offsets and group metadata from __consumer_offsets-42 (kafka.coordinator.group.GroupMetadataManager)
[2025-09-25 20:11:13,514] INFO [GroupCoordinator 1]: Resigned as the group coordinator for partition 21 in epoch OptionalInt[9] (kafka.coordinator.group.GroupCoordinator)
[2025-09-25 20:11:13,514] INFO [GroupMetadataManager brokerId=1] Scheduling unloading of offsets and group metadata from __consumer_offsets-21 (kafka.coordinator.group.GroupMetadataManager)
[2025-09-25 20:11:13,514] INFO [GroupCoordinator 1]: Resigned as the group coordinator for partition 17 in epoch OptionalInt[9] (kafka.coordinator.group.GroupCoordinator)
[2025-09-25 20:11:13,514] INFO [GroupMetadataManager brokerId=1] Scheduling unloading of offsets and group metadata from __consumer_offsets-17 (kafka.coordinator.group.GroupMetadataManager)
[2025-09-25 20:11:13,514] INFO [GroupCoordinator 1]: Resigned as the group coordinator for partition 30 in epoch OptionalInt[9] (kafka.coordinator.group.GroupCoordinator)
[2025-09-25 20:11:13,514] INFO [GroupMetadataManager brokerId=1] Scheduling unloading of offsets and group metadata from __consumer_offsets-30 (kafka.coordinator.group.GroupMetadataManager)
[2025-09-25 20:11:13,514] INFO [GroupCoordinator 1]: Resigned as the group coordinator for partition 26 in epoch OptionalInt[9] (kafka.coordinator.group.GroupCoordinator)
[2025-09-25 20:11:13,514] INFO [GroupMetadataManager brokerId=1] Scheduling unloading of offsets and group metadata from __consumer_offsets-26 (kafka.coordinator.group.GroupMetadataManager)
[2025-09-25 20:11:13,514] INFO [GroupCoordinator 1]: Resigned as the group coordinator for partition 5 in epoch OptionalInt[9] (kafka.coordinator.group.GroupCoordinator)
[2025-09-25 20:11:13,514] INFO [GroupMetadataManager brokerId=1] Scheduling unloading of offsets and group metadata from __consumer_offsets-5 (kafka.coordinator.group.GroupMetadataManager)
[2025-09-25 20:11:13,514] INFO [GroupCoordinator 1]: Resigned as the group coordinator for partition 38 in epoch OptionalInt[9] (kafka.coordinator.group.GroupCoordinator)
[2025-09-25 20:11:13,514] INFO [GroupMetadataManager brokerId=1] Scheduling unloading of offsets and group metadata from __consumer_offsets-38 (kafka.coordinator.group.GroupMetadataManager)
[2025-09-25 20:11:13,514] INFO [GroupCoordinator 1]: Resigned as the group coordinator for partition 1 in epoch OptionalInt[9] (kafka.coordinator.group.GroupCoordinator)
[2025-09-25 20:11:13,514] INFO [GroupMetadataManager brokerId=1] Scheduling unloading of offsets and group metadata from __consumer_offsets-1 (kafka.coordinator.group.GroupMetadataManager)
[2025-09-25 20:11:13,514] INFO [GroupCoordinator 1]: Resigned as the group coordinator for partition 34 in epoch OptionalInt[9] (kafka.coordinator.group.GroupCoordinator)
[2025-09-25 20:11:13,514] INFO [GroupMetadataManager brokerId=1] Scheduling unloading of offsets and group metadata from __consumer_offsets-34 (kafka.coordinator.group.GroupMetadataManager)
[2025-09-25 20:11:13,514] INFO [GroupMetadataManager brokerId=1] Finished unloading __consumer_offsets-13 for coordinator epoch OptionalInt[9]. Removed 0 cached offsets and 0 cached groups. (kafka.coordinator.group.GroupMetadataManager)
[2025-09-25 20:11:13,514] INFO [GroupCoordinator 1]: Resigned as the group coordinator for partition 16 in epoch OptionalInt[9] (kafka.coordinator.group.GroupCoordinator)
[2025-09-25 20:11:13,514] INFO [GroupMetadataManager brokerId=1] Scheduling unloading of offsets and group metadata from __consumer_offsets-16 (kafka.coordinator.group.GroupMetadataManager)
[2025-09-25 20:11:13,514] INFO [GroupCoordinator 1]: Resigned as the group coordinator for partition 45 in epoch OptionalInt[9] (kafka.coordinator.group.GroupCoordinator)
[2025-09-25 20:11:13,514] INFO [GroupMetadataManager brokerId=1] Scheduling unloading of offsets and group metadata from __consumer_offsets-45 (kafka.coordinator.group.GroupMetadataManager)
[2025-09-25 20:11:13,514] INFO [GroupCoordinator 1]: Resigned as the group coordinator for partition 12 in epoch OptionalInt[9] (kafka.coordinator.group.GroupCoordinator)
[2025-09-25 20:11:13,514] INFO [GroupMetadataManager brokerId=1] Scheduling unloading of offsets and group metadata from __consumer_offsets-12 (kafka.coordinator.group.GroupMetadataManager)
[2025-09-25 20:11:13,514] INFO [GroupCoordinator 1]: Resigned as the group coordinator for partition 41 in epoch OptionalInt[9] (kafka.coordinator.group.GroupCoordinator)
[2025-09-25 20:11:13,514] INFO [GroupMetadataManager brokerId=1] Scheduling unloading of offsets and group metadata from __consumer_offsets-41 (kafka.coordinator.group.GroupMetadataManager)
[2025-09-25 20:11:13,514] INFO [GroupCoordinator 1]: Resigned as the group coordinator for partition 24 in epoch OptionalInt[9] (kafka.coordinator.group.GroupCoordinator)
[2025-09-25 20:11:13,514] INFO [GroupMetadataManager brokerId=1] Scheduling unloading of offsets and group metadata from __consumer_offsets-24 (kafka.coordinator.group.GroupMetadataManager)
[2025-09-25 20:11:13,515] INFO [GroupMetadataManager brokerId=1] Finished unloading __consumer_offsets-46 for coordinator epoch OptionalInt[9]. Removed 0 cached offsets and 0 cached groups. (kafka.coordinator.group.GroupMetadataManager)
[2025-09-25 20:11:13,515] INFO [GroupMetadataManager brokerId=1] Finished unloading __consumer_offsets-9 for coordinator epoch OptionalInt[9]. Removed 0 cached offsets and 0 cached groups. (kafka.coordinator.group.GroupMetadataManager)
[2025-09-25 20:11:13,515] INFO [GroupMetadataManager brokerId=1] Finished unloading __consumer_offsets-42 for coordinator epoch OptionalInt[9]. Removed 0 cached offsets and 0 cached groups. (kafka.coordinator.group.GroupMetadataManager)
[2025-09-25 20:11:13,515] INFO [GroupMetadataManager brokerId=1] Finished unloading __consumer_offsets-21 for coordinator epoch OptionalInt[9]. Removed 0 cached offsets and 0 cached groups. (kafka.coordinator.group.GroupMetadataManager)
[2025-09-25 20:11:13,515] INFO [GroupCoordinator 1]: Resigned as the group coordinator for partition 20 in epoch OptionalInt[9] (kafka.coordinator.group.GroupCoordinator)
[2025-09-25 20:11:13,515] INFO [GroupMetadataManager brokerId=1] Finished unloading __consumer_offsets-17 for coordinator epoch OptionalInt[9]. Removed 0 cached offsets and 0 cached groups. (kafka.coordinator.group.GroupMetadataManager)
[2025-09-25 20:11:13,515] INFO [GroupMetadataManager brokerId=1] Scheduling unloading of offsets and group metadata from __consumer_offsets-20 (kafka.coordinator.group.GroupMetadataManager)
[2025-09-25 20:11:13,515] INFO [GroupMetadataManager brokerId=1] Finished unloading __consumer_offsets-30 for coordinator epoch OptionalInt[9]. Removed 0 cached offsets and 0 cached groups. (kafka.coordinator.group.GroupMetadataManager)
[2025-09-25 20:11:13,515] INFO [GroupMetadataManager brokerId=1] Finished unloading __consumer_offsets-26 for coordinator epoch OptionalInt[9]. Removed 0 cached offsets and 0 cached groups. (kafka.coordinator.group.GroupMetadataManager)
[2025-09-25 20:11:13,515] INFO [GroupMetadataManager brokerId=1] Finished unloading __consumer_offsets-5 for coordinator epoch OptionalInt[9]. Removed 0 cached offsets and 0 cached groups. (kafka.coordinator.group.GroupMetadataManager)
[2025-09-25 20:11:13,515] INFO [GroupMetadataManager brokerId=1] Finished unloading __consumer_offsets-38 for coordinator epoch OptionalInt[9]. Removed 0 cached offsets and 0 cached groups. (kafka.coordinator.group.GroupMetadataManager)
[2025-09-25 20:11:13,515] INFO [GroupMetadataManager brokerId=1] Finished unloading __consumer_offsets-1 for coordinator epoch OptionalInt[9]. Removed 0 cached offsets and 0 cached groups. (kafka.coordinator.group.GroupMetadataManager)
[2025-09-25 20:11:13,515] INFO [GroupMetadataManager brokerId=1] Finished unloading __consumer_offsets-34 for coordinator epoch OptionalInt[9]. Removed 0 cached offsets and 0 cached groups. (kafka.coordinator.group.GroupMetadataManager)
[2025-09-25 20:11:13,515] INFO [GroupMetadataManager brokerId=1] Finished unloading __consumer_offsets-16 for coordinator epoch OptionalInt[9]. Removed 0 cached offsets and 0 cached groups. (kafka.coordinator.group.GroupMetadataManager)
[2025-09-25 20:11:13,515] INFO [GroupMetadataManager brokerId=1] Finished unloading __consumer_offsets-45 for coordinator epoch OptionalInt[9]. Removed 0 cached offsets and 0 cached groups. (kafka.coordinator.group.GroupMetadataManager)
[2025-09-25 20:11:13,515] INFO [GroupMetadataManager brokerId=1] Finished unloading __consumer_offsets-12 for coordinator epoch OptionalInt[9]. Removed 0 cached offsets and 0 cached groups. (kafka.coordinator.group.GroupMetadataManager)
[2025-09-25 20:11:13,515] INFO [GroupMetadataManager brokerId=1] Finished unloading __consumer_offsets-41 for coordinator epoch OptionalInt[9]. Removed 0 cached offsets and 0 cached groups. (kafka.coordinator.group.GroupMetadataManager)
[2025-09-25 20:11:13,515] INFO [GroupMetadataManager brokerId=1] Finished unloading __consumer_offsets-24 for coordinator epoch OptionalInt[9]. Removed 0 cached offsets and 0 cached groups. (kafka.coordinator.group.GroupMetadataManager)
[2025-09-25 20:11:13,515] INFO [GroupMetadataManager brokerId=1] Finished unloading __consumer_offsets-20 for coordinator epoch OptionalInt[9]. Removed 0 cached offsets and 0 cached groups. (kafka.coordinator.group.GroupMetadataManager)
[2025-09-25 20:11:13,515] INFO [GroupCoordinator 1]: Resigned as the group coordinator for partition 49 in epoch OptionalInt[9] (kafka.coordinator.group.GroupCoordinator)
[2025-09-25 20:11:13,515] INFO [GroupMetadataManager brokerId=1] Scheduling unloading of offsets and group metadata from __consumer_offsets-49 (kafka.coordinator.group.GroupMetadataManager)
[2025-09-25 20:11:13,516] INFO [GroupCoordinator 1]: Resigned as the group coordinator for partition 0 in epoch OptionalInt[9] (kafka.coordinator.group.GroupCoordinator)
[2025-09-25 20:11:13,516] INFO [GroupMetadataManager brokerId=1] Scheduling unloading of offsets and group metadata from __consumer_offsets-0 (kafka.coordinator.group.GroupMetadataManager)
[2025-09-25 20:11:13,516] INFO [GroupCoordinator 1]: Resigned as the group coordinator for partition 29 in epoch OptionalInt[9] (kafka.coordinator.group.GroupCoordinator)
[2025-09-25 20:11:13,516] INFO [GroupMetadataManager brokerId=1] Finished unloading __consumer_offsets-49 for coordinator epoch OptionalInt[9]. Removed 0 cached offsets and 0 cached groups. (kafka.coordinator.group.GroupMetadataManager)
[2025-09-25 20:11:13,516] INFO [GroupMetadataManager brokerId=1] Scheduling unloading of offsets and group metadata from __consumer_offsets-29 (kafka.coordinator.group.GroupMetadataManager)
[2025-09-25 20:11:13,516] INFO [GroupMetadataManager brokerId=1] Finished unloading __consumer_offsets-0 for coordinator epoch OptionalInt[9]. Removed 0 cached offsets and 0 cached groups. (kafka.coordinator.group.GroupMetadataManager)
[2025-09-25 20:11:13,516] INFO [GroupCoordinator 1]: Resigned as the group coordinator for partition 25 in epoch OptionalInt[9] (kafka.coordinator.group.GroupCoordinator)
[2025-09-25 20:11:13,516] INFO [GroupMetadataManager brokerId=1] Finished unloading __consumer_offsets-29 for coordinator epoch OptionalInt[9]. Removed 0 cached offsets and 0 cached groups. (kafka.coordinator.group.GroupMetadataManager)
[2025-09-25 20:11:13,516] INFO [GroupMetadataManager brokerId=1] Scheduling unloading of offsets and group metadata from __consumer_offsets-25 (kafka.coordinator.group.GroupMetadataManager)
[2025-09-25 20:11:13,516] INFO [GroupCoordinator 1]: Resigned as the group coordinator for partition 8 in epoch OptionalInt[9] (kafka.coordinator.group.GroupCoordinator)
[2025-09-25 20:11:13,516] INFO [GroupMetadataManager brokerId=1] Finished unloading __consumer_offsets-25 for coordinator epoch OptionalInt[9]. Removed 0 cached offsets and 0 cached groups. (kafka.coordinator.group.GroupMetadataManager)
[2025-09-25 20:11:13,516] INFO [GroupMetadataManager brokerId=1] Scheduling unloading of offsets and group metadata from __consumer_offsets-8 (kafka.coordinator.group.GroupMetadataManager)
[2025-09-25 20:11:13,516] INFO [GroupCoordinator 1]: Resigned as the group coordinator for partition 37 in epoch OptionalInt[9] (kafka.coordinator.group.GroupCoordinator)
[2025-09-25 20:11:13,516] INFO [GroupMetadataManager brokerId=1] Finished unloading __consumer_offsets-8 for coordinator epoch OptionalInt[9]. Removed 0 cached offsets and 0 cached groups. (kafka.coordinator.group.GroupMetadataManager)
[2025-09-25 20:11:13,516] INFO [GroupMetadataManager brokerId=1] Scheduling unloading of offsets and group metadata from __consumer_offsets-37 (kafka.coordinator.group.GroupMetadataManager)
[2025-09-25 20:11:13,516] INFO [GroupCoordinator 1]: Resigned as the group coordinator for partition 4 in epoch OptionalInt[9] (kafka.coordinator.group.GroupCoordinator)
[2025-09-25 20:11:13,516] INFO [GroupMetadataManager brokerId=1] Scheduling unloading of offsets and group metadata from __consumer_offsets-4 (kafka.coordinator.group.GroupMetadataManager)
[2025-09-25 20:11:13,516] INFO [GroupMetadataManager brokerId=1] Finished unloading __consumer_offsets-37 for coordinator epoch OptionalInt[9]. Removed 0 cached offsets and 0 cached groups. (kafka.coordinator.group.GroupMetadataManager)
[2025-09-25 20:11:13,516] INFO [GroupCoordinator 1]: Resigned as the group coordinator for partition 33 in epoch OptionalInt[9] (kafka.coordinator.group.GroupCoordinator)
[2025-09-25 20:11:13,516] INFO [GroupMetadataManager brokerId=1] Scheduling unloading of offsets and group metadata from __consumer_offsets-33 (kafka.coordinator.group.GroupMetadataManager)
[2025-09-25 20:11:13,516] INFO [GroupCoordinator 1]: Resigned as the group coordinator for partition 15 in epoch OptionalInt[9] (kafka.coordinator.group.GroupCoordinator)
[2025-09-25 20:11:13,516] INFO [GroupMetadataManager brokerId=1] Scheduling unloading of offsets and group metadata from __consumer_offsets-15 (kafka.coordinator.group.GroupMetadataManager)
[2025-09-25 20:11:13,516] INFO [GroupCoordinator 1]: Resigned as the group coordinator for partition 48 in epoch OptionalInt[9] (kafka.coordinator.group.GroupCoordinator)
[2025-09-25 20:11:13,516] INFO [GroupMetadataManager brokerId=1] Scheduling unloading of offsets and group metadata from __consumer_offsets-48 (kafka.coordinator.group.GroupMetadataManager)
[2025-09-25 20:11:13,516] INFO [GroupCoordinator 1]: Resigned as the group coordinator for partition 11 in epoch OptionalInt[9] (kafka.coordinator.group.GroupCoordinator)
[2025-09-25 20:11:13,516] INFO [GroupMetadataManager brokerId=1] Scheduling unloading of offsets and group metadata from __consumer_offsets-11 (kafka.coordinator.group.GroupMetadataManager)
[2025-09-25 20:11:13,516] INFO [GroupCoordinator 1]: Resigned as the group coordinator for partition 44 in epoch OptionalInt[9] (kafka.coordinator.group.GroupCoordinator)
[2025-09-25 20:11:13,516] INFO [GroupMetadataManager brokerId=1] Scheduling unloading of offsets and group metadata from __consumer_offsets-44 (kafka.coordinator.group.GroupMetadataManager)
[2025-09-25 20:11:13,516] INFO [GroupCoordinator 1]: Resigned as the group coordinator for partition 23 in epoch OptionalInt[9] (kafka.coordinator.group.GroupCoordinator)
[2025-09-25 20:11:13,516] INFO [GroupMetadataManager brokerId=1] Scheduling unloading of offsets and group metadata from __consumer_offsets-23 (kafka.coordinator.group.GroupMetadataManager)
[2025-09-25 20:11:13,516] INFO [GroupCoordinator 1]: Resigned as the group coordinator for partition 19 in epoch OptionalInt[9] (kafka.coordinator.group.GroupCoordinator)
[2025-09-25 20:11:13,516] INFO [GroupMetadataManager brokerId=1] Scheduling unloading of offsets and group metadata from __consumer_offsets-19 (kafka.coordinator.group.GroupMetadataManager)
[2025-09-25 20:11:13,516] INFO [GroupCoordinator 1]: Resigned as the group coordinator for partition 32 in epoch OptionalInt[9] (kafka.coordinator.group.GroupCoordinator)
[2025-09-25 20:11:13,516] INFO [GroupMetadataManager brokerId=1] Scheduling unloading of offsets and group metadata from __consumer_offsets-32 (kafka.coordinator.group.GroupMetadataManager)
[2025-09-25 20:11:13,516] INFO [GroupCoordinator 1]: Resigned as the group coordinator for partition 28 in epoch OptionalInt[9] (kafka.coordinator.group.GroupCoordinator)
[2025-09-25 20:11:13,516] INFO [GroupMetadataManager brokerId=1] Scheduling unloading of offsets and group metadata from __consumer_offsets-28 (kafka.coordinator.group.GroupMetadataManager)
[2025-09-25 20:11:13,516] INFO [GroupCoordinator 1]: Resigned as the group coordinator for partition 7 in epoch OptionalInt[9] (kafka.coordinator.group.GroupCoordinator)
[2025-09-25 20:11:13,516] INFO [GroupCoordinator 1]: Unloading group metadata for empleados-group with generation 14 (kafka.coordinator.group.GroupCoordinator)
[2025-09-25 20:11:13,517] INFO [GroupMetadataManager brokerId=1] Scheduling unloading of offsets and group metadata from __consumer_offsets-7 (kafka.coordinator.group.GroupMetadataManager)
[2025-09-25 20:11:13,517] INFO [GroupCoordinator 1]: Resigned as the group coordinator for partition 40 in epoch OptionalInt[9] (kafka.coordinator.group.GroupCoordinator)
[2025-09-25 20:11:13,517] INFO [GroupMetadataManager brokerId=1] Scheduling unloading of offsets and group metadata from __consumer_offsets-40 (kafka.coordinator.group.GroupMetadataManager)
[2025-09-25 20:11:13,517] INFO [GroupCoordinator 1]: Resigned as the group coordinator for partition 3 in epoch OptionalInt[9] (kafka.coordinator.group.GroupCoordinator)
[2025-09-25 20:11:13,517] INFO [GroupMetadataManager brokerId=1] Scheduling unloading of offsets and group metadata from __consumer_offsets-3 (kafka.coordinator.group.GroupMetadataManager)
[2025-09-25 20:11:13,517] INFO [GroupCoordinator 1]: Resigned as the group coordinator for partition 36 in epoch OptionalInt[9] (kafka.coordinator.group.GroupCoordinator)
[2025-09-25 20:11:13,517] INFO [GroupMetadataManager brokerId=1] Scheduling unloading of offsets and group metadata from __consumer_offsets-36 (kafka.coordinator.group.GroupMetadataManager)
[2025-09-25 20:11:13,517] INFO [GroupCoordinator 1]: Resigned as the group coordinator for partition 47 in epoch OptionalInt[9] (kafka.coordinator.group.GroupCoordinator)
[2025-09-25 20:11:13,517] INFO [GroupMetadataManager brokerId=1] Scheduling unloading of offsets and group metadata from __consumer_offsets-47 (kafka.coordinator.group.GroupMetadataManager)
[2025-09-25 20:11:13,517] INFO [GroupCoordinator 1]: Resigned as the group coordinator for partition 14 in epoch OptionalInt[9] (kafka.coordinator.group.GroupCoordinator)
[2025-09-25 20:11:13,517] INFO [GroupMetadataManager brokerId=1] Scheduling unloading of offsets and group metadata from __consumer_offsets-14 (kafka.coordinator.group.GroupMetadataManager)
[2025-09-25 20:11:13,517] INFO [GroupCoordinator 1]: Resigned as the group coordinator for partition 43 in epoch OptionalInt[9] (kafka.coordinator.group.GroupCoordinator)
[2025-09-25 20:11:13,517] INFO [GroupMetadataManager brokerId=1] Scheduling unloading of offsets and group metadata from __consumer_offsets-43 (kafka.coordinator.group.GroupMetadataManager)
[2025-09-25 20:11:13,517] INFO [GroupCoordinator 1]: Resigned as the group coordinator for partition 10 in epoch OptionalInt[9] (kafka.coordinator.group.GroupCoordinator)
[2025-09-25 20:11:13,517] INFO [GroupMetadataManager brokerId=1] Scheduling unloading of offsets and group metadata from __consumer_offsets-10 (kafka.coordinator.group.GroupMetadataManager)
[2025-09-25 20:11:13,517] INFO [GroupCoordinator 1]: Resigned as the group coordinator for partition 22 in epoch OptionalInt[9] (kafka.coordinator.group.GroupCoordinator)
[2025-09-25 20:11:13,517] INFO [GroupMetadataManager brokerId=1] Scheduling unloading of offsets and group metadata from __consumer_offsets-22 (kafka.coordinator.group.GroupMetadataManager)
[2025-09-25 20:11:13,517] INFO [GroupCoordinator 1]: Resigned as the group coordinator for partition 18 in epoch OptionalInt[9] (kafka.coordinator.group.GroupCoordinator)
[2025-09-25 20:11:13,517] INFO [GroupMetadataManager brokerId=1] Scheduling unloading of offsets and group metadata from __consumer_offsets-18 (kafka.coordinator.group.GroupMetadataManager)
[2025-09-25 20:11:13,517] INFO [GroupCoordinator 1]: Resigned as the group coordinator for partition 31 in epoch OptionalInt[9] (kafka.coordinator.group.GroupCoordinator)
[2025-09-25 20:11:13,517] INFO [GroupMetadataManager brokerId=1] Scheduling unloading of offsets and group metadata from __consumer_offsets-31 (kafka.coordinator.group.GroupMetadataManager)
[2025-09-25 20:11:13,517] INFO [GroupCoordinator 1]: Resigned as the group coordinator for partition 27 in epoch OptionalInt[9] (kafka.coordinator.group.GroupCoordinator)
[2025-09-25 20:11:13,517] INFO [GroupMetadataManager brokerId=1] Scheduling unloading of offsets and group metadata from __consumer_offsets-27 (kafka.coordinator.group.GroupMetadataManager)
[2025-09-25 20:11:13,517] INFO [GroupCoordinator 1]: Resigned as the group coordinator for partition 39 in epoch OptionalInt[9] (kafka.coordinator.group.GroupCoordinator)
[2025-09-25 20:11:13,517] INFO [GroupMetadataManager brokerId=1] Scheduling unloading of offsets and group metadata from __consumer_offsets-39 (kafka.coordinator.group.GroupMetadataManager)
[2025-09-25 20:11:13,517] INFO [GroupCoordinator 1]: Resigned as the group coordinator for partition 6 in epoch OptionalInt[9] (kafka.coordinator.group.GroupCoordinator)
[2025-09-25 20:11:13,518] INFO [GroupMetadataManager brokerId=1] Scheduling unloading of offsets and group metadata from __consumer_offsets-6 (kafka.coordinator.group.GroupMetadataManager)
[2025-09-25 20:11:13,518] INFO [GroupCoordinator 1]: Resigned as the group coordinator for partition 35 in epoch OptionalInt[9] (kafka.coordinator.group.GroupCoordinator)
[2025-09-25 20:11:13,518] INFO [GroupMetadataManager brokerId=1] Scheduling unloading of offsets and group metadata from __consumer_offsets-35 (kafka.coordinator.group.GroupMetadataManager)
[2025-09-25 20:11:13,518] INFO [GroupCoordinator 1]: Resigned as the group coordinator for partition 2 in epoch OptionalInt[9] (kafka.coordinator.group.GroupCoordinator)
[2025-09-25 20:11:13,518] INFO [GroupMetadataManager brokerId=1] Scheduling unloading of offsets and group metadata from __consumer_offsets-2 (kafka.coordinator.group.GroupMetadataManager)
[2025-09-25 20:11:13,518] INFO [GroupMetadataManager brokerId=1] Finished unloading __consumer_offsets-4 for coordinator epoch OptionalInt[9]. Removed 1 cached offsets and 1 cached groups. (kafka.coordinator.group.GroupMetadataManager)
[2025-09-25 20:11:13,518] INFO [GroupMetadataManager brokerId=1] Finished unloading __consumer_offsets-33 for coordinator epoch OptionalInt[9]. Removed 0 cached offsets and 0 cached groups. (kafka.coordinator.group.GroupMetadataManager)
[2025-09-25 20:11:13,518] INFO [GroupMetadataManager brokerId=1] Finished unloading __consumer_offsets-15 for coordinator epoch OptionalInt[9]. Removed 0 cached offsets and 0 cached groups. (kafka.coordinator.group.GroupMetadataManager)
[2025-09-25 20:11:13,518] INFO [GroupMetadataManager brokerId=1] Finished unloading __consumer_offsets-48 for coordinator epoch OptionalInt[9]. Removed 0 cached offsets and 0 cached groups. (kafka.coordinator.group.GroupMetadataManager)
[2025-09-25 20:11:13,518] INFO [GroupMetadataManager brokerId=1] Finished unloading __consumer_offsets-11 for coordinator epoch OptionalInt[9]. Removed 0 cached offsets and 0 cached groups. (kafka.coordinator.group.GroupMetadataManager)
[2025-09-25 20:11:13,518] INFO [GroupMetadataManager brokerId=1] Finished unloading __consumer_offsets-44 for coordinator epoch OptionalInt[9]. Removed 0 cached offsets and 0 cached groups. (kafka.coordinator.group.GroupMetadataManager)
[2025-09-25 20:11:13,518] INFO [GroupMetadataManager brokerId=1] Finished unloading __consumer_offsets-23 for coordinator epoch OptionalInt[9]. Removed 0 cached offsets and 0 cached groups. (kafka.coordinator.group.GroupMetadataManager)
[2025-09-25 20:11:13,518] INFO [GroupMetadataManager brokerId=1] Finished unloading __consumer_offsets-19 for coordinator epoch OptionalInt[9]. Removed 0 cached offsets and 0 cached groups. (kafka.coordinator.group.GroupMetadataManager)
[2025-09-25 20:11:13,518] INFO [GroupMetadataManager brokerId=1] Finished unloading __consumer_offsets-32 for coordinator epoch OptionalInt[9]. Removed 0 cached offsets and 0 cached groups. (kafka.coordinator.group.GroupMetadataManager)
[2025-09-25 20:11:13,518] INFO [GroupMetadataManager brokerId=1] Finished unloading __consumer_offsets-28 for coordinator epoch OptionalInt[9]. Removed 0 cached offsets and 0 cached groups. (kafka.coordinator.group.GroupMetadataManager)
[2025-09-25 20:11:13,518] INFO [GroupMetadataManager brokerId=1] Finished unloading __consumer_offsets-7 for coordinator epoch OptionalInt[9]. Removed 0 cached offsets and 0 cached groups. (kafka.coordinator.group.GroupMetadataManager)
[2025-09-25 20:11:13,518] INFO [GroupMetadataManager brokerId=1] Finished unloading __consumer_offsets-40 for coordinator epoch OptionalInt[9]. Removed 0 cached offsets and 0 cached groups. (kafka.coordinator.group.GroupMetadataManager)
[2025-09-25 20:11:13,518] INFO [GroupMetadataManager brokerId=1] Finished unloading __consumer_offsets-3 for coordinator epoch OptionalInt[9]. Removed 0 cached offsets and 0 cached groups. (kafka.coordinator.group.GroupMetadataManager)
[2025-09-25 20:11:13,518] INFO [GroupMetadataManager brokerId=1] Finished unloading __consumer_offsets-36 for coordinator epoch OptionalInt[9]. Removed 0 cached offsets and 0 cached groups. (kafka.coordinator.group.GroupMetadataManager)
[2025-09-25 20:11:13,519] INFO [GroupMetadataManager brokerId=1] Finished unloading __consumer_offsets-47 for coordinator epoch OptionalInt[9]. Removed 0 cached offsets and 0 cached groups. (kafka.coordinator.group.GroupMetadataManager)
[2025-09-25 20:11:13,521] INFO [GroupMetadataManager brokerId=1] Finished unloading __consumer_offsets-14 for coordinator epoch OptionalInt[9]. Removed 0 cached offsets and 0 cached groups. (kafka.coordinator.group.GroupMetadataManager)
[2025-09-25 20:11:13,522] INFO [GroupMetadataManager brokerId=1] Finished unloading __consumer_offsets-43 for coordinator epoch OptionalInt[9]. Removed 0 cached offsets and 0 cached groups. (kafka.coordinator.group.GroupMetadataManager)
[2025-09-25 20:11:13,522] INFO [GroupMetadataManager brokerId=1] Finished unloading __consumer_offsets-10 for coordinator epoch OptionalInt[9]. Removed 0 cached offsets and 0 cached groups. (kafka.coordinator.group.GroupMetadataManager)
[2025-09-25 20:11:13,522] INFO [GroupMetadataManager brokerId=1] Finished unloading __consumer_offsets-22 for coordinator epoch OptionalInt[9]. Removed 0 cached offsets and 0 cached groups. (kafka.coordinator.group.GroupMetadataManager)
[2025-09-25 20:11:13,522] INFO [GroupMetadataManager brokerId=1] Finished unloading __consumer_offsets-18 for coordinator epoch OptionalInt[9]. Removed 0 cached offsets and 0 cached groups. (kafka.coordinator.group.GroupMetadataManager)
[2025-09-25 20:11:13,522] INFO [GroupMetadataManager brokerId=1] Finished unloading __consumer_offsets-31 for coordinator epoch OptionalInt[9]. Removed 0 cached offsets and 0 cached groups. (kafka.coordinator.group.GroupMetadataManager)
[2025-09-25 20:11:13,523] INFO [GroupMetadataManager brokerId=1] Finished unloading __consumer_offsets-27 for coordinator epoch OptionalInt[9]. Removed 0 cached offsets and 0 cached groups. (kafka.coordinator.group.GroupMetadataManager)
[2025-09-25 20:11:13,523] INFO [GroupMetadataManager brokerId=1] Finished unloading __consumer_offsets-39 for coordinator epoch OptionalInt[9]. Removed 0 cached offsets and 0 cached groups. (kafka.coordinator.group.GroupMetadataManager)
[2025-09-25 20:11:13,523] INFO [GroupMetadataManager brokerId=1] Finished unloading __consumer_offsets-6 for coordinator epoch OptionalInt[9]. Removed 0 cached offsets and 0 cached groups. (kafka.coordinator.group.GroupMetadataManager)
[2025-09-25 20:11:13,523] INFO [GroupMetadataManager brokerId=1] Finished unloading __consumer_offsets-35 for coordinator epoch OptionalInt[9]. Removed 0 cached offsets and 0 cached groups. (kafka.coordinator.group.GroupMetadataManager)
[2025-09-25 20:11:13,523] INFO [GroupMetadataManager brokerId=1] Finished unloading __consumer_offsets-2 for coordinator epoch OptionalInt[9]. Removed 0 cached offsets and 0 cached groups. (kafka.coordinator.group.GroupMetadataManager)
[2025-09-25 20:11:13,571] INFO [BrokerLifecycleManager id=1] The controller has asked us to exit controlled shutdown. (kafka.server.BrokerLifecycleManager)
[2025-09-25 20:11:13,572] INFO [BrokerLifecycleManager id=1] beginShutdown: shutting down event queue. (org.apache.kafka.queue.KafkaEventQueue)
[2025-09-25 20:11:13,574] INFO [BrokerLifecycleManager id=1] Transitioning from PENDING_CONTROLLED_SHUTDOWN to SHUTTING_DOWN. (kafka.server.BrokerLifecycleManager)
[2025-09-25 20:11:13,574] INFO [broker-1-to-controller-heartbeat-channel-manager]: Shutting down (kafka.server.BrokerToControllerRequestThread)
[2025-09-25 20:11:13,574] INFO [broker-1-to-controller-heartbeat-channel-manager]: Stopped (kafka.server.BrokerToControllerRequestThread)
[2025-09-25 20:11:13,575] INFO [broker-1-to-controller-heartbeat-channel-manager]: Shutdown completed (kafka.server.BrokerToControllerRequestThread)
[2025-09-25 20:11:13,580] INFO [SocketServer listenerType=BROKER, nodeId=1] Stopping socket server request processors (kafka.network.SocketServer)
[2025-09-25 20:11:13,594] INFO Broker to controller channel manager for heartbeat shutdown (kafka.server.BrokerToControllerChannelManagerImpl)
[2025-09-25 20:11:13,596] INFO [SocketServer listenerType=BROKER, nodeId=1] Stopped socket server request processors (kafka.network.SocketServer)
[2025-09-25 20:11:13,598] INFO [data-plane Kafka Request Handler on Broker 1], shutting down (kafka.server.KafkaRequestHandlerPool)
[2025-09-25 20:11:13,601] INFO [data-plane Kafka Request Handler on Broker 1], shut down completely (kafka.server.KafkaRequestHandlerPool)
[2025-09-25 20:11:13,601] INFO [ExpirationReaper-1-AlterAcls]: Shutting down (kafka.server.DelayedOperationPurgatory$ExpiredOperationReaper)
[2025-09-25 20:11:13,603] INFO [ExpirationReaper-1-AlterAcls]: Stopped (kafka.server.DelayedOperationPurgatory$ExpiredOperationReaper)
[2025-09-25 20:11:13,603] INFO [ExpirationReaper-1-AlterAcls]: Shutdown completed (kafka.server.DelayedOperationPurgatory$ExpiredOperationReaper)
[2025-09-25 20:11:13,603] INFO [KafkaApi-1] Shutdown complete. (kafka.server.KafkaApis)
[2025-09-25 20:11:13,612] INFO [TransactionCoordinator id=1] Shutting down. (kafka.coordinator.transaction.TransactionCoordinator)
[2025-09-25 20:11:13,613] INFO [Transaction State Manager 1]: Shutdown complete (kafka.coordinator.transaction.TransactionStateManager)
[2025-09-25 20:11:13,613] INFO [TxnMarkerSenderThread-1]: Shutting down (kafka.coordinator.transaction.TransactionMarkerChannelManager)
[2025-09-25 20:11:13,613] INFO [TxnMarkerSenderThread-1]: Stopped (kafka.coordinator.transaction.TransactionMarkerChannelManager)
[2025-09-25 20:11:13,613] INFO [TxnMarkerSenderThread-1]: Shutdown completed (kafka.coordinator.transaction.TransactionMarkerChannelManager)
[2025-09-25 20:11:13,617] INFO [TransactionCoordinator id=1] Shutdown complete. (kafka.coordinator.transaction.TransactionCoordinator)
[2025-09-25 20:11:13,618] INFO [GroupCoordinator 1]: Shutting down. (kafka.coordinator.group.GroupCoordinator)
[2025-09-25 20:11:13,624] INFO [ExpirationReaper-1-Heartbeat]: Shutting down (kafka.server.DelayedOperationPurgatory$ExpiredOperationReaper)
[2025-09-25 20:11:13,625] INFO [ExpirationReaper-1-Heartbeat]: Stopped (kafka.server.DelayedOperationPurgatory$ExpiredOperationReaper)
[2025-09-25 20:11:13,625] INFO [ExpirationReaper-1-Heartbeat]: Shutdown completed (kafka.server.DelayedOperationPurgatory$ExpiredOperationReaper)
[2025-09-25 20:11:13,625] INFO [ExpirationReaper-1-Rebalance]: Shutting down (kafka.server.DelayedOperationPurgatory$ExpiredOperationReaper)
[2025-09-25 20:11:13,625] INFO [ExpirationReaper-1-Rebalance]: Stopped (kafka.server.DelayedOperationPurgatory$ExpiredOperationReaper)
[2025-09-25 20:11:13,625] INFO [ExpirationReaper-1-Rebalance]: Shutdown completed (kafka.server.DelayedOperationPurgatory$ExpiredOperationReaper)
[2025-09-25 20:11:13,626] INFO [GroupCoordinator 1]: Shutdown complete. (kafka.coordinator.group.GroupCoordinator)
[2025-09-25 20:11:13,627] INFO [ReplicaManager broker=1] Shutting down (kafka.server.ReplicaManager)
[2025-09-25 20:11:13,627] INFO [LogDirFailureHandler]: Shutting down (kafka.server.ReplicaManager$LogDirFailureHandler)
[2025-09-25 20:11:13,627] INFO [LogDirFailureHandler]: Stopped (kafka.server.ReplicaManager$LogDirFailureHandler)
[2025-09-25 20:11:13,627] INFO [LogDirFailureHandler]: Shutdown completed (kafka.server.ReplicaManager$LogDirFailureHandler)
[2025-09-25 20:11:13,628] INFO [ReplicaFetcherManager on broker 1] shutting down (kafka.server.ReplicaFetcherManager)
[2025-09-25 20:11:13,628] INFO [ReplicaFetcherManager on broker 1] shutdown completed (kafka.server.ReplicaFetcherManager)
[2025-09-25 20:11:13,628] INFO [ReplicaAlterLogDirsManager on broker 1] shutting down (kafka.server.ReplicaAlterLogDirsManager)
[2025-09-25 20:11:13,628] INFO [ReplicaAlterLogDirsManager on broker 1] shutdown completed (kafka.server.ReplicaAlterLogDirsManager)
[2025-09-25 20:11:13,628] INFO [ExpirationReaper-1-Fetch]: Shutting down (kafka.server.DelayedOperationPurgatory$ExpiredOperationReaper)
[2025-09-25 20:11:13,629] INFO [ExpirationReaper-1-Fetch]: Stopped (kafka.server.DelayedOperationPurgatory$ExpiredOperationReaper)
[2025-09-25 20:11:13,629] INFO [ExpirationReaper-1-Fetch]: Shutdown completed (kafka.server.DelayedOperationPurgatory$ExpiredOperationReaper)
[2025-09-25 20:11:13,629] INFO [ExpirationReaper-1-RemoteFetch]: Shutting down (kafka.server.DelayedOperationPurgatory$ExpiredOperationReaper)
[2025-09-25 20:11:13,629] INFO [ExpirationReaper-1-RemoteFetch]: Stopped (kafka.server.DelayedOperationPurgatory$ExpiredOperationReaper)
[2025-09-25 20:11:13,629] INFO [ExpirationReaper-1-RemoteFetch]: Shutdown completed (kafka.server.DelayedOperationPurgatory$ExpiredOperationReaper)
[2025-09-25 20:11:13,629] INFO [ExpirationReaper-1-Produce]: Shutting down (kafka.server.DelayedOperationPurgatory$ExpiredOperationReaper)
[2025-09-25 20:11:13,629] INFO [ExpirationReaper-1-Produce]: Stopped (kafka.server.DelayedOperationPurgatory$ExpiredOperationReaper)
[2025-09-25 20:11:13,629] INFO [ExpirationReaper-1-Produce]: Shutdown completed (kafka.server.DelayedOperationPurgatory$ExpiredOperationReaper)
[2025-09-25 20:11:13,630] INFO [ExpirationReaper-1-DeleteRecords]: Shutting down (kafka.server.DelayedOperationPurgatory$ExpiredOperationReaper)
[2025-09-25 20:11:13,630] INFO [ExpirationReaper-1-DeleteRecords]: Stopped (kafka.server.DelayedOperationPurgatory$ExpiredOperationReaper)
[2025-09-25 20:11:13,630] INFO [ExpirationReaper-1-DeleteRecords]: Shutdown completed (kafka.server.DelayedOperationPurgatory$ExpiredOperationReaper)
[2025-09-25 20:11:13,630] INFO [ExpirationReaper-1-ElectLeader]: Shutting down (kafka.server.DelayedOperationPurgatory$ExpiredOperationReaper)
[2025-09-25 20:11:13,630] INFO [ExpirationReaper-1-ElectLeader]: Stopped (kafka.server.DelayedOperationPurgatory$ExpiredOperationReaper)
[2025-09-25 20:11:13,630] INFO [ExpirationReaper-1-ElectLeader]: Shutdown completed (kafka.server.DelayedOperationPurgatory$ExpiredOperationReaper)
[2025-09-25 20:11:13,639] INFO [AddPartitionsToTxnSenderThread-1]: Shutting down (kafka.server.AddPartitionsToTxnManager)
[2025-09-25 20:11:13,639] INFO [AddPartitionsToTxnSenderThread-1]: Stopped (kafka.server.AddPartitionsToTxnManager)
[2025-09-25 20:11:13,639] INFO [AddPartitionsToTxnSenderThread-1]: Shutdown completed (kafka.server.AddPartitionsToTxnManager)
[2025-09-25 20:11:13,639] INFO [ReplicaManager broker=1] Shut down completely (kafka.server.ReplicaManager)
[2025-09-25 20:11:13,639] INFO [broker-1-to-controller-alter-partition-channel-manager]: Shutting down (kafka.server.BrokerToControllerRequestThread)
[2025-09-25 20:11:13,640] INFO [broker-1-to-controller-alter-partition-channel-manager]: Stopped (kafka.server.BrokerToControllerRequestThread)
[2025-09-25 20:11:13,640] INFO [broker-1-to-controller-alter-partition-channel-manager]: Shutdown completed (kafka.server.BrokerToControllerRequestThread)
[2025-09-25 20:11:13,640] INFO Broker to controller channel manager for alter-partition shutdown (kafka.server.BrokerToControllerChannelManagerImpl)
[2025-09-25 20:11:13,640] INFO [broker-1-to-controller-forwarding-channel-manager]: Shutting down (kafka.server.BrokerToControllerRequestThread)
[2025-09-25 20:11:13,640] INFO [broker-1-to-controller-forwarding-channel-manager]: Stopped (kafka.server.BrokerToControllerRequestThread)
[2025-09-25 20:11:13,640] INFO [broker-1-to-controller-forwarding-channel-manager]: Shutdown completed (kafka.server.BrokerToControllerRequestThread)
[2025-09-25 20:11:13,640] INFO Broker to controller channel manager for forwarding shutdown (kafka.server.BrokerToControllerChannelManagerImpl)
[2025-09-25 20:11:13,640] INFO Shutting down. (kafka.log.LogManager)
[2025-09-25 20:11:13,642] INFO [kafka-log-cleaner-thread-0]: Shutting down (kafka.log.LogCleaner$CleanerThread)
[2025-09-25 20:11:13,643] INFO [kafka-log-cleaner-thread-0]: Stopped (kafka.log.LogCleaner$CleanerThread)
[2025-09-25 20:11:13,643] INFO [kafka-log-cleaner-thread-0]: Shutdown completed (kafka.log.LogCleaner$CleanerThread)
[2025-09-25 20:11:13,749] INFO [ProducerStateManager partition=empleados-creados-0]Wrote producer snapshot at offset 10 with 5 producer ids in 5 ms. (org.apache.kafka.storage.internals.log.ProducerStateManager)
[2025-09-25 20:11:13,880] INFO [ProducerStateManager partition=__consumer_offsets-4]Wrote producer snapshot at offset 25 with 0 producer ids in 4 ms. (org.apache.kafka.storage.internals.log.ProducerStateManager)
[2025-09-25 20:11:13,943] INFO Shutdown complete. (kafka.log.LogManager)
[2025-09-25 20:11:13,944] INFO [broker-1-ThrottledChannelReaper-Fetch]: Shutting down (kafka.server.ClientQuotaManager$ThrottledChannelReaper)
[2025-09-25 20:11:13,948] INFO [broker-1-ThrottledChannelReaper-Fetch]: Stopped (kafka.server.ClientQuotaManager$ThrottledChannelReaper)
[2025-09-25 20:11:13,948] INFO [broker-1-ThrottledChannelReaper-Fetch]: Shutdown completed (kafka.server.ClientQuotaManager$ThrottledChannelReaper)
[2025-09-25 20:11:13,948] INFO [broker-1-ThrottledChannelReaper-Produce]: Shutting down (kafka.server.ClientQuotaManager$ThrottledChannelReaper)
[2025-09-25 20:11:13,949] INFO [broker-1-ThrottledChannelReaper-Produce]: Stopped (kafka.server.ClientQuotaManager$ThrottledChannelReaper)
[2025-09-25 20:11:13,949] INFO [broker-1-ThrottledChannelReaper-Produce]: Shutdown completed (kafka.server.ClientQuotaManager$ThrottledChannelReaper)
[2025-09-25 20:11:13,949] INFO [broker-1-ThrottledChannelReaper-Request]: Shutting down (kafka.server.ClientQuotaManager$ThrottledChannelReaper)
[2025-09-25 20:11:13,950] INFO [broker-1-ThrottledChannelReaper-Request]: Stopped (kafka.server.ClientQuotaManager$ThrottledChannelReaper)
[2025-09-25 20:11:13,950] INFO [broker-1-ThrottledChannelReaper-Request]: Shutdown completed (kafka.server.ClientQuotaManager$ThrottledChannelReaper)
[2025-09-25 20:11:13,950] INFO [broker-1-ThrottledChannelReaper-ControllerMutation]: Shutting down (kafka.server.ClientQuotaManager$ThrottledChannelReaper)
[2025-09-25 20:11:13,950] INFO [broker-1-ThrottledChannelReaper-ControllerMutation]: Stopped (kafka.server.ClientQuotaManager$ThrottledChannelReaper)
[2025-09-25 20:11:13,950] INFO [broker-1-ThrottledChannelReaper-ControllerMutation]: Shutdown completed (kafka.server.ClientQuotaManager$ThrottledChannelReaper)
[2025-09-25 20:11:13,953] INFO [SocketServer listenerType=BROKER, nodeId=1] Shutting down socket server (kafka.network.SocketServer)
[2025-09-25 20:11:13,973] INFO [SocketServer listenerType=BROKER, nodeId=1] Shutdown completed (kafka.network.SocketServer)
[2025-09-25 20:11:13,974] INFO Broker and topic stats closed (kafka.server.BrokerTopicStats)
[2025-09-25 20:11:13,974] INFO [BrokerLifecycleManager id=1] closed event queue. (org.apache.kafka.queue.KafkaEventQueue)
[2025-09-25 20:11:13,975] INFO [BrokerServer id=1] shut down completed (kafka.server.BrokerServer)
[2025-09-25 20:11:13,975] INFO [BrokerServer id=1] Transition from SHUTTING_DOWN to SHUTDOWN (kafka.server.BrokerServer)
[2025-09-25 20:11:13,975] INFO [ControllerServer id=1] shutting down (kafka.server.ControllerServer)
[2025-09-25 20:11:13,976] INFO [raft-expiration-reaper]: Shutting down (kafka.raft.TimingWheelExpirationService$ExpiredOperationReaper)
[2025-09-25 20:11:14,137] INFO [raft-expiration-reaper]: Stopped (kafka.raft.TimingWheelExpirationService$ExpiredOperationReaper)
[2025-09-25 20:11:14,137] INFO [raft-expiration-reaper]: Shutdown completed (kafka.raft.TimingWheelExpirationService$ExpiredOperationReaper)
[2025-09-25 20:11:14,139] INFO [kafka-1-raft-io-thread]: Shutting down (kafka.raft.KafkaRaftManager$RaftIoThread)
[2025-09-25 20:11:14,139] INFO [RaftManager id=1] Beginning graceful shutdown (org.apache.kafka.raft.KafkaRaftClient)
[2025-09-25 20:11:14,147] INFO [RaftManager id=1] Graceful shutdown completed (org.apache.kafka.raft.KafkaRaftClient)
[2025-09-25 20:11:14,147] INFO [kafka-1-raft-io-thread]: Completed graceful shutdown of RaftClient (kafka.raft.KafkaRaftManager$RaftIoThread)
[2025-09-25 20:11:14,148] INFO [kafka-1-raft-io-thread]: Stopped (kafka.raft.KafkaRaftManager$RaftIoThread)
[2025-09-25 20:11:14,148] INFO [kafka-1-raft-io-thread]: Shutdown completed (kafka.raft.KafkaRaftManager$RaftIoThread)
[2025-09-25 20:11:14,161] INFO [kafka-1-raft-outbound-request-thread]: Shutting down (kafka.raft.RaftSendThread)
[2025-09-25 20:11:14,162] INFO [kafka-1-raft-outbound-request-thread]: Stopped (kafka.raft.RaftSendThread)
[2025-09-25 20:11:14,162] INFO [kafka-1-raft-outbound-request-thread]: Shutdown completed (kafka.raft.RaftSendThread)
[2025-09-25 20:11:14,168] INFO [ProducerStateManager partition=__cluster_metadata-0]Wrote producer snapshot at offset 58669 with 0 producer ids in 6 ms. (org.apache.kafka.storage.internals.log.ProducerStateManager)
[2025-09-25 20:11:14,182] INFO [SocketServer listenerType=CONTROLLER, nodeId=1] Stopping socket server request processors (kafka.network.SocketServer)
[2025-09-25 20:11:14,193] INFO [SocketServer listenerType=CONTROLLER, nodeId=1] Stopped socket server request processors (kafka.network.SocketServer)
[2025-09-25 20:11:14,194] INFO [QuorumController id=1] QuorumController#beginShutdown: shutting down event queue. (org.apache.kafka.queue.KafkaEventQueue)
[2025-09-25 20:11:14,194] INFO [SocketServer listenerType=CONTROLLER, nodeId=1] Shutting down socket server (kafka.network.SocketServer)
[2025-09-25 20:11:14,201] INFO [SocketServer listenerType=CONTROLLER, nodeId=1] Shutdown completed (kafka.network.SocketServer)
[2025-09-25 20:11:14,201] INFO [data-plane Kafka Request Handler on Broker 1], shutting down (kafka.server.KafkaRequestHandlerPool)
[2025-09-25 20:11:14,202] INFO [data-plane Kafka Request Handler on Broker 1], shut down completely (kafka.server.KafkaRequestHandlerPool)
[2025-09-25 20:11:14,203] INFO [ExpirationReaper-1-AlterAcls]: Shutting down (kafka.server.DelayedOperationPurgatory$ExpiredOperationReaper)
[2025-09-25 20:11:14,203] INFO [ExpirationReaper-1-AlterAcls]: Shutdown completed (kafka.server.DelayedOperationPurgatory$ExpiredOperationReaper)
[2025-09-25 20:11:14,203] INFO [ExpirationReaper-1-AlterAcls]: Stopped (kafka.server.DelayedOperationPurgatory$ExpiredOperationReaper)
[2025-09-25 20:11:14,204] INFO [controller-1-ThrottledChannelReaper-Fetch]: Shutting down (kafka.server.ClientQuotaManager$ThrottledChannelReaper)
[2025-09-25 20:11:14,204] INFO [controller-1-ThrottledChannelReaper-Fetch]: Stopped (kafka.server.ClientQuotaManager$ThrottledChannelReaper)
[2025-09-25 20:11:14,204] INFO [controller-1-ThrottledChannelReaper-Fetch]: Shutdown completed (kafka.server.ClientQuotaManager$ThrottledChannelReaper)
[2025-09-25 20:11:14,204] INFO [controller-1-ThrottledChannelReaper-Produce]: Shutting down (kafka.server.ClientQuotaManager$ThrottledChannelReaper)
[2025-09-25 20:11:14,204] INFO [controller-1-ThrottledChannelReaper-Produce]: Stopped (kafka.server.ClientQuotaManager$ThrottledChannelReaper)
[2025-09-25 20:11:14,204] INFO [controller-1-ThrottledChannelReaper-Produce]: Shutdown completed (kafka.server.ClientQuotaManager$ThrottledChannelReaper)
[2025-09-25 20:11:14,204] INFO [controller-1-ThrottledChannelReaper-Request]: Shutting down (kafka.server.ClientQuotaManager$ThrottledChannelReaper)
[2025-09-25 20:11:14,204] INFO [controller-1-ThrottledChannelReaper-Request]: Stopped (kafka.server.ClientQuotaManager$ThrottledChannelReaper)
[2025-09-25 20:11:14,204] INFO [controller-1-ThrottledChannelReaper-Request]: Shutdown completed (kafka.server.ClientQuotaManager$ThrottledChannelReaper)
[2025-09-25 20:11:14,204] INFO [controller-1-ThrottledChannelReaper-ControllerMutation]: Shutting down (kafka.server.ClientQuotaManager$ThrottledChannelReaper)
[2025-09-25 20:11:14,204] INFO [controller-1-ThrottledChannelReaper-ControllerMutation]: Stopped (kafka.server.ClientQuotaManager$ThrottledChannelReaper)
[2025-09-25 20:11:14,204] INFO [controller-1-ThrottledChannelReaper-ControllerMutation]: Shutdown completed (kafka.server.ClientQuotaManager$ThrottledChannelReaper)
[2025-09-25 20:11:14,204] INFO [QuorumController id=1] closed event queue. (org.apache.kafka.queue.KafkaEventQueue)
[2025-09-25 20:11:14,205] INFO [SharedServer id=1] Stopping SharedServer (kafka.server.SharedServer)
[2025-09-25 20:11:14,206] INFO [MetadataLoader id=1] beginShutdown: shutting down event queue. (org.apache.kafka.queue.KafkaEventQueue)
[2025-09-25 20:11:14,206] INFO [SnapshotGenerator id=1] beginShutdown: shutting down event queue. (org.apache.kafka.queue.KafkaEventQueue)
[2025-09-25 20:11:14,207] INFO [SnapshotGenerator id=1] closed event queue. (org.apache.kafka.queue.KafkaEventQueue)
[2025-09-25 20:11:14,207] INFO [MetadataLoader id=1] closed event queue. (org.apache.kafka.queue.KafkaEventQueue)
[2025-09-25 20:11:14,208] INFO [SnapshotGenerator id=1] closed event queue. (org.apache.kafka.queue.KafkaEventQueue)
[2025-09-25 20:11:14,209] INFO Metrics scheduler closed (org.apache.kafka.common.metrics.Metrics)
[2025-09-25 20:11:14,209] INFO Closing reporter org.apache.kafka.common.metrics.JmxReporter (org.apache.kafka.common.metrics.Metrics)
[2025-09-25 20:11:14,209] INFO Metrics reporters closed (org.apache.kafka.common.metrics.Metrics)
[2025-09-25 20:11:14,209] INFO App info kafka.server for 1 unregistered (org.apache.kafka.common.utils.AppInfoParser)
[2025-09-25 20:11:14,212] INFO App info kafka.server for 1 unregistered (org.apache.kafka.common.utils.AppInfoParser)
